GEOID,violent_per_1000,property_per_1000,crime_low_60
06037204920,30.587275693311582,86.86786296900489,False
06037205110,21.432600112803158,35.53299492385787,False
06037205120,69.67252939461666,167.33067729083663,False
06037206010,40.712468193384225,101.21571953633023,False
06037206020,25.764051286186596,20.441899846786548,False
06037206050,74.70850726932488,159.34935943572768,False
06037111402,14.97338065661047,35.27062999112689,False
06037111303,16.41976209589141,44.44282273954608,False
06037104321,30.823117338003506,37.12784588441331,False
06037104322,68.62202545655784,154.95296070835641,False
06037108203,4.148494840974365,10.53079459631954,True
06037320101,0.5863383172090296,1.465845793022574,True
06037920121,0.0,0.0,True
06037231901,62.780760381286285,65.08162594499835,False
06037232402,27.9204107830552,29.204107830551987,False
06037135204,12.801365478984426,37.33731598037124,False
06037460101,0.0,0.0,True
06037132302,25.59948152948801,46.98639014906028,False
06037135115,14.944939695857368,60.56633455689565,False
06037132301,39.050325419378495,64.35053625446878,False
06037134907,30.005129081894342,77.44913660454779,False
06037119003,17.474633596392334,23.67531003382187,False
06037111401,30.11959249963089,70.4266942270781,False
06037103401,15.67314132618888,54.253181513730745,False
06037207400,181.41338695777077,265.01005458201666,False
06037192410,10.64249113125739,56.99645250295625,False
06037192510,40.488596566157,66.62680447595456,False
06037192520,20.82350562706382,32.95370307972235,False
06037192610,9.642327344651394,17.306741387835835,False
06037192700,27.67646427805192,47.62926410641493,False
06037194500,105.170481831279,650.2321114134785,False
06037195100,4.63429377392706,50.57424944589966,False
06037195300,15.559815086255496,110.2717330025933,False
06037137501,33.281972265023114,136.45608628659477,False
06037137502,35.309695453876714,93.12932175959983,False
06037195500,16.90805426305787,62.12726915263124,False
06037195600,36.44592663172939,123.98761314911863,False
06037195710,25.6390690576116,49.904616558565436,False
06037195720,26.939243408482994,68.7810470003821,False
06037195802,24.174053182917007,48.0027627489352,False
06037137504,5.235602094240838,35.07853403141361,False
06037138000,9.785845979293716,37.22876187774783,False
06037139200,13.51039260969977,55.60046189376443,False
06037143200,18.95919481938051,67.87859873605369,False
06037201301,20.594965675057207,33.72798726494876,False
06037201302,6.397637795275591,33.218503937007874,False
06037201401,25.73415765069552,24.57496136012365,False
06037201402,18.896149909455946,33.06826234154791,False
06037236001,30.161494616846102,68.39772007599747,False
06037236102,54.84563007182166,79.47019867549669,False
06037409100,0.0,0.0,True
06037234301,102.44171103359648,81.51275931705526,False
06037231601,29.668912139888207,36.978644116382405,False
06037231603,44.22857142857143,43.542857142857144,False
06037234001,20.221083850094367,46.50849285521704,False
06037236205,51.63674762407603,74.12882787750792,False
06037206051,241.3793103448276,1006.5061808718283,False
06037231301,29.363784665579118,31.24607855439829,False
06037231302,92.61744966442953,82.88590604026845,False
06037532607,0.1981375074301565,0.0,True
06037275604,6.430125964518895,45.40658181098727,False
06037530007,0.0,0.0,True
06037271804,10.550007033338023,40.934027289351526,False
06037551002,0.0,0.0,True
06037502700,0.0,0.0,True
06037502901,0.0,0.0,True
06037550801,0.0,0.0,True
06037502604,0.0,0.0,True
06037276608,38.05279396640384,98.7315735344532,False
06037550502,0.0,0.0,True
06037276102,33.711217183770884,287.291169451074,False
06037408707,0.0,0.0,True
06037275312,21.619766643788605,34.488675360329445,False
06037275605,22.604191193783844,120.08476571697668,False
06037533108,0.0,0.0,True
06037276101,15.219155844155845,68.18181818181817,False
06037139301,18.5586888406845,56.88117618703302,False
06037139302,22.534668721109398,40.63944530046225,False
06037139502,25.501843506759528,71.28226136829169,False
06037139600,30.107526881720432,118.08406647116325,False
06037139701,22.42263265180061,93.95268392118106,False
06037139801,7.0468852767076955,44.81819035986094,False
06037143500,4.678727386150967,48.65876481597005,False
06037181000,12.750559990810405,57.03291022916547,False
06037181500,7.019889687447769,32.843055323416344,False
06037181600,5.350081414282391,20.702488950918816,True
06037183101,23.12849162011173,125.3631284916201,False
06037406103,0.0,0.0,True
06037920339,0.0,0.0,True
06037482521,0.0,0.0,True
06037183220,17.611874169251216,36.22064687638458,False
06037183300,18.621365566808233,29.728846782097357,False
06037183510,11.740041928721174,22.22222222222222,False
06037183520,12.282776817396053,23.7467018469657,False
06037183610,35.0385423966363,44.4989488437281,False
06037192300,9.181331293037491,66.5646518745218,False
06037195400,20.970873786407765,111.14563106796116,False
06037183820,15.80135440180587,17.21218961625282,False
06037185202,15.006050826946348,33.158531665994346,False
06037185310,17.634854771784234,15.560165975103734,False
06037405101,0.0,0.0,True
06037185320,40.8532176428055,90.38322487346348,False
06037481603,0.0,0.0,True
06037481001,0.0,0.0,True
06037404600,0.0,0.0,True
06037800406,0.0,0.0,True
06037800410,0.0,0.0,True
06037800504,0.0,0.0,True
06037800506,0.0,0.0,True
06037186401,39.53630262355095,57.10799267846248,False
06037197200,13.40033500837521,33.78001116694584,False
06037197300,16.618306515431282,41.941440253231335,False
06037197410,9.875259875259875,51.45530145530146,False
06037197420,25.571273122959738,125.68008705114256,False
06037197500,29.835390946502056,74.07407407407408,False
06037197600,13.715330691862235,70.86254190795489,False
06037197700,29.931407191852006,65.2670962377884,False
06037199110,19.284516489659026,32.69983230855227,False
06037187102,23.788738542121344,67.21955477957223,False
06037187200,9.588068181818182,45.09943181818181,False
06037187300,14.22309687807496,79.16629394400213,False
06037670702,0.0,0.0,True
06037670201,0.0,0.0,True
06037236400,10.992297913706722,36.79054811934494,False
06037237500,75.91687041564794,72.61613691931541,False
06037213201,32.124604526648824,79.8247748844001,False
06037213202,22.674104732769482,58.30484074140724,False
06037502303,0.0,0.0,True
06037533204,0.0,0.0,True
06037703003,0.16457293323824676,0.0,True
06037930400,0.7989347536617842,2.396804260985353,True
06037242202,57.57466714645556,42.461317020510975,False
06037128302,21.986970684039086,26.20669233047083,False
06037134306,19.045064377682404,36.212446351931334,False
06037119320,9.51496867022511,13.22812717567881,False
06037920326,0.0,0.0,True
06037294520,31.258800337932975,30.13235708251197,False
06037573202,0.0,0.0,True
06037599100,0.0,0.0,True
06037460001,0.0,0.0,True
06037554511,0.0,0.0,True
06037408503,0.0,0.0,True
06037243001,49.749779216956135,23.25581395348837,False
06037242201,28.778189161898347,25.74890609222484,False
06037533504,0.0,0.0,True
06037403328,0.0,0.0,True
06037131021,40.154126951936725,43.196106266477386,False
06037113238,23.884632717440287,35.82694907616044,False
06037113428,17.789887010177097,38.46462056254507,False
06037113423,34.2916522341531,45.02944232767579,False
06037119801,8.779742969843491,25.5757729991093,True
06037980035,0.0,0.0,True
06037119004,26.229508196721312,36.79417122040073,False
06037134906,12.842176410949644,22.304832713754646,False
06037101222,26.98826597131682,41.46023468057366,False
06037103201,9.699022400123164,33.02286198137172,False
06037320102,0.8051529790660226,0.8051529790660226,True
06037501301,0.0,0.0,True
06037408213,0.0,0.0,True
06037213310,56.46512827123888,89.72540930772206,False
06037213320,70.72212437339114,91.45102289662647,False
06037213401,22.96360485268631,28.812824956672443,False
06037214700,34.335906308224644,99.81368112856002,False
06037214800,32.758620689655174,86.89655172413794,False
06037216100,11.593341260404282,88.28775267538646,False
06037216700,13.846153846153847,67.5,False
06037980031,96.33977900552486,308.70165745856355,False
06037408703,0.0,0.0,True
06037408722,0.0,0.0,True
06037980036,0.0,0.0,True
06037910214,0.0,0.0,True
06037910218,0.0,0.0,True
06037910216,0.0,0.0,True
06037532102,0.0,0.0,True
06037480201,0.0,0.0,True
06037430501,0.0,0.0,True
06037213402,73.72862536087054,78.83633133466577,False
06037214000,22.14800492177887,94.1290209175602,False
06037214100,24.01252827562206,75.95267095876109,False
06037214400,17.87722059815606,55.65549808859905,False
06037216800,36.981807336713395,75.45481658216522,False
06037551203,0.0,0.0,True
06037551001,0.0,0.0,True
06037550501,0.0,0.0,True
06037276605,5.357878829509548,41.626597060035714,False
06037276607,6.8059701492537314,25.432835820895523,True
06037550802,0.0,0.0,True
06037217200,55.23055746730902,172.14384033035103,False
06037218110,60.359719540697085,75.29722589167767,False
06037218210,34.55828668775858,32.61134095887077,False
06037218220,38.169242592434465,74.28912987789259,False
06037218300,40.724931775243164,70.95374711356797,False
06037650607,0.0,0.0,True
06037131023,27.225261064147187,52.585778219791145,False
06037131801,54.88208067004629,123.98060392329734,False
06037240301,59.37921727395411,44.197031039136306,False
06037500100,0.0,0.0,True
06037240302,83.22953232929453,58.77024119578757,False
06037502603,0.0,0.0,True
06037408725,0.0,0.0,True
06037218400,23.81536950650626,40.510680088386934,False
06037218500,24.90234375,49.072265625,False
06037218600,35.596572181938036,48.78048780487805,False
06037218900,26.135656502800245,45.92408214063472,False
06037219020,21.459554067422573,34.70055551327905,False
06037271702,18.162311288221318,74.02866120009195,False
06037531202,0.0,0.22569966897381882,True
06037224410,42.13976354910453,100.43310312536579,False
06037267404,6.4655172413793105,35.85423197492163,False
06037267300,31.070474957520833,78.88987782183024,False
06037218800,28.217821782178216,42.32673267326732,False
06037209401,47.5564681724846,43.121149897330596,False
06037232701,36.98514990193331,34.04314934155225,False
06037920106,0.0,0.0,True
06037232602,47.627737226277375,36.67883211678832,False
06037232601,49.754994346023366,46.36260836788541,False
06037273403,155.01968503937007,135.08858267716533,False
06037232702,75.77648872898156,53.307878698876564,False
06037219500,73.50226548078537,169.15589864071154,False
06037219800,36.63631494376005,56.56132833422604,False
06037220000,29.005815175506196,65.36817767813353,False
06037220100,69.02583423035522,174.78471474703983,False
06037221120,23.544131028207463,42.65241128298453,False
06037221210,51.75329800428458,53.44458225279062,False
06037221220,63.66318656377666,66.72719019518837,False
06037232300,23.409740124015887,29.889221765484567,False
06037232500,96.02076124567473,93.22597817407507,False
06037232800,55.56454221934649,48.042704626334526,False
06037234200,30.57577763070814,51.22435473196558,False
06037404402,0.0,0.0,True
06037500300,0.0,0.0,True
06037403325,0.0,0.0,True
06037670405,0.0,0.0,True
06037543305,0.0,0.0,True
06037543321,0.0,0.0,True
06037543100,0.0,0.0,True
06037542200,0.0,0.0,True
06037540201,0.0,0.0,True
06037240600,85.59003755682942,74.5206562561771,False
06037534102,0.0,0.0,True
06037239310,66.70061099796334,38.69653767820773,False
06037532800,0.9570141159582103,1.4355211739373155,True
06037501302,0.0,0.0,True
06037273404,127.24850099933377,179.2138574283811,False
06037232401,77.95957651588066,54.597952576778376,False
06037231902,40.79665917121748,26.983617089624158,False
06037234302,46.079871777748096,71.3236276212101,False
06037231602,79.76519337016575,68.37016574585634,False
06037236101,104.68319559228651,131.83785911058638,False
06037234002,38.097437081505426,42.94620180096975,False
06037236206,53.7232233934036,54.403264195851754,False
06037265701,17.6069670579326,60.77243468383188,False
06037216301,50.220878865380136,133.92234364101373,False
06037265204,85.04983388704319,374.0863787375415,False
06037265203,6.460162332284247,28.325327149246313,False
06037552700,0.0,0.0,True
06037552800,0.0,0.0,True
06037553000,0.0,0.0,True
06037601502,0.0,0.5836008170411439,True
06037601600,0.0,2.7349577324714076,True
06037602002,0.0,0.0,True
06037602003,0.0,0.0,True
06037602103,0.0,0.0,True
06037602104,0.0,0.0,True
06037530700,2.839116719242902,0.946372239747634,True
06037530801,0.0,0.0,True
06037530802,0.0,0.0,True
06037530901,0.0,0.26059763724808893,True
06037531000,0.0,0.0,True
06037531102,0.0,0.0,True
06037531201,0.47778308647873863,0.23889154323936931,True
06037531301,0.0,0.0,True
06037531302,0.0,0.0,True
06037541401,0.0,0.0,True
06037207711,446.15569726868006,1295.151004692576,False
06037402503,0.0,0.0,True
06037433506,0.0,0.0,True
06037209202,90.56334680294748,222.48633230330404,False
06037980017,15.89212617385023,63.56850469540092,False
06037602801,3.8989521566079115,1.7057915685159613,True
06037577800,0.0,0.0,True
06037551204,0.0,0.0,True
06037536201,0.0,0.0,True
06037406300,0.0,0.0,True
06037462900,0.0,0.0,True
06037542105,0.0,0.0,True
06037543000,0.0,0.0,True
06037602302,0.0,0.0,True
06037602301,0.0,0.0,True
06037541200,0.0,0.0,True
06037602700,0.0,0.0,True
06037503103,0.0,0.0,True
06037540800,0.0,0.0,True
06037602106,0.0,0.0,True
06037602105,0.0,0.0,True
06037503502,0.0,0.0,True
06037601700,0.0,0.0,True
06037542106,0.0,0.0,True
06037503402,0.0,0.0,True
06037601801,0.0,0.0,True
06037502005,0.0,0.0,True
06037601402,0.0,0.0,True
06037501900,0.0,0.0,True
06037462500,0.0,0.0,True
06037501600,0.0,0.0,True
06037501002,0.0,0.0,True
06037408629,0.0,0.0,True
06037504200,0.0,0.0,True
06037601802,0.0,0.0,True
06037601202,0.0,0.0,True
06037408628,0.0,0.0,True
06037408626,0.0,0.0,True
06037501501,0.0,0.0,True
06037501200,0.0,0.0,True
06037408141,0.0,0.0,True
06037408135,0.0,0.0,True
06037408137,0.0,0.0,True
06037500403,0.0,0.0,True
06037530202,0.0,0.0,True
06037530302,0.0,0.0,True
06037530301,0.0,0.0,True
06037409000,0.0,0.0,True
06037408301,0.0,0.0,True
06037702202,0.0,0.0,True
06037702300,0.14778325123152708,0.0,True
06037408302,0.0,0.0,True
06037530500,0.0,0.0,True
06037530400,0.0,0.0,True
06037408004,0.0,0.0,True
06037407601,0.0,0.0,True
06037408003,0.0,0.0,True
06037434004,0.0,0.0,True
06037433804,0.0,0.0,True
06037482002,0.0,0.0,True
06037407902,0.0,0.0,True
06037482522,0.0,0.0,True
06037407501,0.0,0.0,True
06037434100,0.0,0.0,True
06037434003,0.0,0.0,True
06037406602,0.0,0.0,True
06037402404,0.0,0.0,True
06037402403,0.0,0.0,True
06037403500,0.0,0.0,True
06037800202,0.0,0.0,True
06037406101,0.0,0.0,True
06037113239,21.329211746522414,37.09428129829985,False
06037113427,38.192501398992725,45.32736429770566,False
06037226702,30.930406585183338,95.53504614617111,False
06037800338,0.0,0.0,True
06037143402,18.65284974093264,84.97409326424871,False
06037141305,28.257456828885402,114.03902220228751,False
06037128703,13.74670956420006,57.326703714536414,False
06037800205,0.0,0.0,True
06037406000,0.0,0.0,True
06037297002,11.862215801079765,30.111778571971712,False
06037297001,9.230769230769232,31.384615384615387,False
06037403326,0.0,0.0,True
06037405701,0.0,0.0,True
06037670604,0.0,0.0,True
06037403305,0.0,0.0,True
06037670603,0.0,0.0,True
06037405800,0.0,0.0,True
06037480202,0.0,0.0,True
06037577605,0.0,0.0,True
06037901007,0.0,0.0,True
06037901101,0.0,0.0,True
06037901102,0.0,0.0,True
06037276601,12.447120078099578,61.99153921249594,False
06037277000,4.583521955636034,50.41874151199638,False
06037480102,0.0,0.0,True
06037404501,0.0,0.0,True
06037480012,0.0,0.0,True
06037480002,0.0,0.0,True
06037431200,0.0,0.0,True
06037431800,0.0,0.0,True
06037431300,0.0,0.0,True
06037430802,0.0,0.0,True
06037920040,0.0,0.0,True
06037431100,0.0,0.0,True
06037800101,0.0,0.0,True
06037430724,0.0,0.0,True
06037430902,0.0,0.0,True
06037800328,0.0,0.0,True
06037670500,0.0,0.0,True
06037670701,3.3055249488430665,6.453643947741225,True
06037700200,0.0,0.0,True
06037700300,0.7121661721068249,1.0682492581602374,True
06037920030,0.0,0.0,True
06037271600,5.038253405486098,40.67923119985072,False
06037400209,0.0,0.0,True
06037577606,0.0,0.0,True
06037900901,0.0,0.0,True
06037900902,0.0,0.0,True
06037135116,108.84955752212389,772.5663716814158,False
06037137202,21.599999999999998,41.99999999999999,False
06037276606,2.479082739386427,21.691973969631235,True
06037269908,13.319126265316994,65.53010122535962,False
06037206303,188.01201529219006,131.89513926815945,False
06037267503,14.773914341143115,57.30487986867632,False
06037267406,22.4527980949141,70.93043034529683,False
06037206053,46.98795180722892,57.17415115005476,False
06037670417,0.0,0.0,True
06037670101,0.0,0.27798369162342473,True
06037670418,0.0,0.0,True
06037578000,0.0,0.0,True
06037571202,0.0,0.0,True
06037555107,0.0,0.0,True
06037480101,0.0,0.0,True
06037555105,0.0,0.0,True
06037650606,0.0,0.0,True
06037292002,8.214958069484853,25.158309087797363,True
06037570703,0.0,0.0,True
06037650801,0.0,0.0,True
06037461300,0.0,0.0,True
06037620703,0.0,0.0,True
06037620704,0.0,0.0,True
06037570503,0.0,0.0,True
06037570306,0.0,0.0,True
06037543203,0.0,0.0,True
06037620801,0.0,0.0,True
06037620802,0.0,0.0,True
06037604102,0.0,0.0,True
06037901300,0.0,0.0,True
06037570305,0.0,0.0,True
06037621005,0.0,0.0,True
06037570504,0.0,0.0,True
06037604101,0.0,0.0,True
06037920028,0.0,0.0,True
06037920035,0.0,0.0,True
06037670102,0.0,0.0,True
06037543704,0.0,0.0,True
06037543605,0.0,0.0,True
06037573101,0.0,0.0,True
06037573102,0.0,0.0,True
06037543705,0.0,0.0,True
06037577700,0.0,0.0,True
06037543607,0.0,0.0,True
06037141306,13.765773281885492,68.82886640942746,False
06037128704,46.0772104607721,288.0863428808634,False
06037301901,0.0,0.0,True
06037139506,22.84098324994562,44.3767674570372,False
06037650904,0.0,0.0,True
06037571201,0.0,0.0,True
06037293204,12.430939226519337,19.423342541436465,False
06037555106,0.0,0.0,True
06037603007,0.0,0.0,True
06037602202,0.0,0.0,True
06037275313,18.2591054004444,74.48555695101922,False
06037297501,9.003376266099789,19.882455920970365,False
06037297502,26.70278637770898,27.089783281733748,False
06037261104,10.165184243964422,43.83735705209657,False
06037543606,0.0,0.0,True
06037293206,19.027484143763214,21.63909961447581,False
06037650903,0.0,0.0,True
06037577900,0.0,0.0,True
06037543803,0.0,0.0,True
06037293203,27.532407938510957,29.59733853389928,False
06037910213,0.0,0.0,True
06037920038,0.0,0.0,True
06037115204,19.817932812374124,59.21211632965439,False
06037113324,3.132977488976561,12.183801346019958,True
06037113323,40.04022305512386,74.86973215101929,False
06037104823,8.884803921568627,17.769607843137255,False
06037111304,16.418563922942205,40.389667250437824,False
06037103202,27.044746762825767,48.680544173086375,False
06037101221,9.840425531914894,28.191489361702125,False
06037103402,6.924715909090909,27.965198863636363,False
06037910607,0.0,0.0,True
06037910717,0.0,0.0,True
06037910608,0.0,0.0,True
06037910718,0.0,0.0,True
06037911100,0.0,0.0,True
06037910405,0.0,0.0,True
06037910215,0.0,0.0,True
06037910212,0.0,0.0,True
06037901214,0.0,0.0,True
06037901014,0.0,0.0,True
06037901216,0.0,0.0,True
06037901012,0.0,0.0,True
06037900509,0.0,0.0,True
06037900611,0.0,0.0,True
06037900510,0.0,0.0,True
06037920041,0.0,0.0,True
06037125102,1.461988304093567,28.26510721247563,False
06037920109,0.0,0.0,True
06037125404,68.73589164785552,116.4785553047404,False
06037460002,0.0,0.0,True
06037137203,31.968160225959682,75.87623571703685,False
06037125101,23.914557696772693,58.741583468771765,False
06037125403,22.050437206944622,72.23419085033582,False
06037125321,5.013728064939715,12.17619672913931,True
06037125322,107.96915167095115,220.02117042189624,False
06037310705,0.0,0.0,True
06037139505,21.95217561740494,47.82438259506076,False
06037133101,15.416825275980205,49.676437000380666,False
06037310704,0.0,0.0,True
06037133102,26.91419435068396,36.77384970687511,False
06037131024,25.439127801332525,42.57160162671973,False
06037135205,4.0,22.0,True
06037134801,16.778523489932887,36.241610738255034,False
06037134802,10.357104326248788,32.04229150933218,False
06037131802,37.27760519627224,81.3329567918667,False
06037300602,0.0,0.0,True
06037131022,25.95754499307799,26.6497461928934,False
06037113424,39.90364474235442,135.42103058232092,False
06037119802,17.119306773750395,28.532177956250656,False
06037293205,25.15905147484095,52.63157894736842,False
06037650802,0.0,0.0,True
06037571505,0.0,0.0,True
06037543804,0.0,0.0,True
06037292001,48.445517657712045,92.5897977663749,False
06037603902,0.0,0.0,True
06037541003,1.5076459185871203,7.322851604566013,True
06037603008,0.0,0.0,True
06037603705,0.0,0.0,True
06037541402,0.0,0.0,True
06037503704,0.0,0.0,True
06037602602,0.0,0.0,True
06037551801,0.0,0.0,True
06037602511,0.0,0.0,True
06037536202,0.0,0.0,True
06037703200,0.0,0.88883621711306,True
06037800325,0.0,0.0,True
06037900607,0.0,0.0,True
06037900703,0.0,0.0,True
06037900705,0.0,0.0,True
06037920039,0.0,0.0,True
06037920110,0.0,0.0,True
06037900501,0.0,0.0,True
06037900504,0.0,0.0,True
06037800412,0.0,0.0,True
06037224702,82.88594998035877,126.8822836192222,False
06037403327,0.0,0.0,True
06037270102,4.901960784313726,21.390374331550802,True
06037271703,6.487265737626141,50.81691494473811,False
06037407802,0.0,0.0,True
06037269909,9.339975093399751,51.36986301369863,False
06037271704,13.720022308979363,85.33184606804238,False
06037910301,0.0,0.0,True
06037910302,0.0,0.0,True
06037910401,0.0,0.0,True
06037920111,0.0,0.0,True
06037920112,0.0,0.0,True
06037920200,0.0,0.0,True
06037920313,0.0,0.0,True
06037920322,0.0,0.0,True
06037206301,297.3732033702296,207.16999834792665,False
06037207901,47.937167103006225,81.52026722036652,False
06037264306,5.765904285988853,76.10993657505286,False
06037206202,226.91441441441444,485.36036036036035,False
06037267202,21.214531954388757,78.22858658180853,False
06037207712,118.89091163702561,271.81067077440133,False
06037207308,22.6827219266312,66.36796415569869,False
06037206052,32.65349254993131,277.7131987741731,False
06037206302,253.1112737920937,105.96632503660322,False
06037206201,205.1832541021316,184.48090783622146,False
06037402504,0.0,0.0,True
06037271803,9.751142712036568,24.377856780091417,False
06037216901,12.705882352941176,68.8235294117647,False
06037207305,455.45260156806836,963.2929436920883,False
06037265524,9.954965631666273,55.81891443470017,False
06037203601,54.81852315394242,64.95619524405507,False
06037207306,261.11547525530244,360.0942655145326,False
06037264304,16.526529428819945,88.28645984343288,False
06037530603,0.0,0.0,True
06037206054,37.26182074805928,35.14467184191955,False
06037267101,4.963600264725348,43.01786896095301,False
06037203602,28.01900704571522,29.985253154186466,False
06037270101,62.0168973575409,145.06561207981306,False
06037407202,0.0,0.0,True
06037226701,29.407920533263624,28.62370931904326,False
06037224701,18.489378442171517,59.40204563335956,False
06037800411,0.0,0.0,True
06037482404,0.0,0.0,True
06037482801,0.0,0.0,True
06037267201,31.91103589991539,110.6007494258431,False
06037267405,18.493701420530687,69.95443580809433,False
06037407901,0.0,0.0,True
06037207303,79.90314769975787,166.66666666666666,False
06037207902,87.99076212471131,276.3048498845265,False
06037267504,9.421393224210126,451.65588123334607,False
06037433803,0.0,0.0,True
06037407201,0.0,0.0,True
06037407502,0.0,0.0,True
06037264305,8.705357142857142,43.30357142857143,False
06037403409,0.0,0.0,True
06037461200,0.0,0.0,True
06037503501,0.0,0.0,True
06037503104,0.0,0.0,True
06037601501,0.0,0.0,True
06037500204,0.0,0.0,True
06037482403,0.0,0.0,True
06037405702,0.0,0.0,True
06037431400,0.0,0.0,True
06037404503,0.0,0.0,True
06037920328,0.0,0.0,True
06037920329,0.0,0.0,True
06037920330,0.0,0.0,True
06037920334,0.0,0.0,True
06037141500,5.510274365744461,45.80415566525083,False
06037209201,42.77856997351803,131.39132206151965,False
06037264303,9.324878776575904,76.4640059679224,False
06037217102,33.09780587579026,76.6084046113797,False
06037265523,12.682215743440235,76.96793002915453,False
06037433903,0.0,0.0,True
06037216902,21.345982804624963,75.60035576638008,False
06037216202,18.528252299605782,69.38239159001316,False
06037265522,11.731581417175036,47.395588925387145,False
06037216302,12.21039448966813,73.57545397620538,False
06037406801,0.0,0.0,True
06037209105,39.98294061200554,30.38703486512421,False
06037406903,0.0,0.0,True
06037208001,45.16845612736024,113.29137356534618,False
06037406413,0.0,0.0,True
06037433505,0.0,0.0,True
06037216201,15.14171088391355,69.88481946421639,False
06037402601,0.0,0.0,True
06037265307,12.66490765171504,32.0580474934037,False
06037214505,12.54967580004183,40.786446350135954,False
06037199801,8.913297920230484,17.826595840460968,False
06037265702,7.962840079628402,31.851360318513606,False
06037265306,3.808487486398259,12.513601741022851,True
06037404806,0.0,0.0,True
06037214504,11.23487612828884,28.807374687920106,False
06037433103,0.0,0.0,True
06037402602,0.0,0.0,True
06037199802,30.282637954239572,38.35800807537012,False
06037208002,27.606605866403747,47.57209760907074,False
06037211124,61.03763987792472,62.44620079818452,False
06037199002,67.17239691667686,119.29524042579223,False
06037214903,10.732323232323232,30.934343434343436,False
06037214904,16.304347826086957,65.21739130434783,False
06037406201,0.0,0.0,True
06037403601,0.0,0.0,True
06037800104,0.0,0.0,True
06037217101,14.29108687476495,34.97555471981948,False
06037207304,184.26588136306268,376.10433319310056,False
06037192420,37.05917513448894,88.16497310221159,False
06037221302,41.13038612199217,48.12534974818131,False
06037231500,42.53922405304273,64.59659948795378,False
06037430723,0.0,0.0,True
06037432901,0.0,0.0,True
06037700400,10.28221395755852,8.750820389411508,False
06037900804,0.0,0.0,True
06037900805,0.0,0.0,True
06037900806,0.0,0.0,True
06037301100,0.0,0.0,True
06037301204,0.0,0.0,True
06037301300,0.0,0.0,True
06037302102,0.0,0.0,True
06037302104,0.0,0.0,True
06037302201,0.0,0.0,True
06037302301,0.0,0.0,True
06037700600,0.0,0.0,True
06037910502,0.0,0.0,True
06037302302,0.0,0.0,True
06037920042,0.0,0.0,True
06037700700,0.0,0.0,True
06037267102,12.468555178825332,61.358416274745714,False
06037209106,103.84769005458662,130.2090267607509,False
06037207307,186.00842302292932,202.8544688816097,False
06037481403,0.0,0.0,True
06037404804,0.0,0.0,True
06037481404,0.0,0.0,True
06037432502,0.0,0.0,True
06037401706,0.0,0.0,True
06037432001,0.0,0.0,True
06037432002,0.0,0.0,True
06037190702,43.98148148148148,91.82098765432099,False
06037401707,0.0,0.0,True
06037189801,31.865042174320525,116.68228678537956,False
06037190701,411.7529880478088,659.1633466135459,False
06037190101,321.90669371196753,595.7403651115619,False
06037189802,32.23570190641248,53.03292894280763,False
06037800103,0.0,0.0,True
06037481203,0.0,0.0,True
06037189906,29.32672449401074,83.43659644774887,False
06037189907,23.91219129753038,63.1125049000392,False
06037190302,43.70179948586119,165.62614763128903,False
06037408900,0.0,0.0,True
06037185101,35.85029546946816,40.1838476690742,False
06037310300,0.0,0.0,True
06037310400,0.0,0.5592841163310962,True
06037900704,0.0,0.0,True
06037910815,0.0,0.0,True
06037480602,0.0,0.0,True
06037404805,0.0,0.0,True
06037401802,0.0,0.0,True
06037464102,0.0,0.0,True
06037464101,0.0,0.0,True
06037401705,0.0,0.0,True
06037480601,0.0,0.0,True
06037431701,0.0,0.0,True
06037404203,0.0,0.0,True
06037211123,49.3849493487699,116.67872648335745,False
06037265521,24.725274725274726,97.63313609467455,False
06037199001,41.67269570250326,71.62494573867748,False
06037432501,0.0,0.0,True
06037185102,3.977272727272727,26.420454545454547,True
06037190102,103.91506303915064,137.75713337757134,False
06037401801,0.0,0.0,True
06037300503,0.0,0.0,True
06037300601,0.0,0.0,True
06037113426,64.91977035183275,136.02237597526863,False
06037113425,11.301699262584162,11.301699262584162,False
06037460601,0.0,0.0,True
06037603901,0.0,0.0,True
06037554106,0.0,0.0,True
06037553202,0.0,0.0,True
06037553201,0.0,0.0,True
06037602512,0.0,0.0,True
06037551802,0.0,0.0,True
06037503705,0.0,0.0,True
06037602601,0.0,0.0,True
06037553902,0.0,0.0,True
06037570304,0.0,0.0,True
06037620303,0.0,0.0,True
06037403801,0.0,0.0,True
06037408134,0.0,0.0,True
06037602510,0.0,0.0,True
06037604200,0.0,0.0,True
06037555300,0.0,0.0,True
06037602201,0.0,0.0,True
06037550301,0.0,0.0,True
06037602513,0.0,0.0,True
06037550101,0.0,0.0,True
06037240901,52.54079872628366,50.152580602361674,False
06037408212,0.0,0.0,True
06037108204,28.830160783588987,125.85474034374423,False
06037603706,0.0,0.0,True
06037243002,33.1858407079646,24.802049371215652,False
06037240902,79.60854427401901,62.10595652583043,False
06037500203,0.0,0.0,True
06037920047,0.0,0.0,True
06037920046,0.0,0.0,True
06037920049,0.0,0.0,True
06037920343,0.0,0.0,True
06037920342,0.0,0.0,True
06037920341,0.0,0.0,True
06037920048,0.0,0.0,True
06037920340,0.0,0.0,True
06037115203,7.034547444114428,16.882913865874627,True
06037603703,0.0,0.0,True
06037460800,0.0,0.0,True
06037106112,17.66761584260937,39.41237380274398,False
06037106113,14.802211824755423,30.114844746916205,False
06037106114,20.01266007693431,35.93514145201344,False
06037106403,31.576130586031578,37.998394434038,False
06037101300,6.941120153183341,40.68932503590235,False
06037103101,5.417118093174431,26.724449259660528,False
06037103102,22.011413325428,43.578151634180685,False
06037104103,13.33227521625268,18.093802079200067,False
06037104105,10.083468713237355,17.141896812503504,False
06037106510,13.380281690140844,43.66197183098591,False
06037106520,17.301674949383397,32.02650469353948,False
06037106604,34.55521830492645,50.89890263833762,False
06037106641,7.759014148790507,50.66179826563213,False
06037910605,0.0,0.0,True
06037910714,0.0,0.0,True
06037911001,0.0,0.0,True
06037570403,0.0,0.0,True
06037920114,0.0,0.0,True
06037402801,0.0,0.0,True
06037403901,0.0,0.0,True
06037403902,0.0,0.0,True
06037404000,0.0,0.0,True
06037404100,0.0,0.0,True
06037404301,0.0,0.0,True
06037404302,0.0,0.0,True
06037404401,0.0,0.0,True
06037431600,0.0,0.0,True
06037113232,15.980629539951575,59.979245935662405,False
06037113234,25.323275862068964,40.768678160919535,False
06037402902,0.0,0.0,True
06037403000,0.0,0.0,True
06037404702,0.0,0.0,True
06037404703,0.0,0.0,True
06037900807,0.0,0.0,True
06037910211,0.0,0.0,True
06037900301,0.0,0.0,True
06037900610,0.0,0.0,True
06037901215,0.0,0.0,True
06037910720,0.0,0.0,True
06037261103,3.990877993158495,24.51539338654504,True
06037400208,0.0,0.0,True
06037104824,27.63915547024952,30.71017274472169,False
06037910814,0.0,0.0,True
06037920050,0.0,0.0,True
06037910721,0.0,0.0,True
06037910719,0.0,0.0,True
06037901217,0.0,0.0,True
06037910217,0.0,0.0,True
06037901013,0.0,0.0,True
06037901218,0.0,0.0,True
06037900808,0.0,0.0,True
06037920120,0.0,0.0,True
06037800335,0.0,0.0,True
06037139704,11.678832116788321,59.48905109489051,False
06037430004,0.0,0.0,True
06037800337,0.0,0.0,True
06037404903,0.0,0.0,True
06037143606,66.69244152329402,183.25923062052968,False
06037400605,0.0,0.0,True
06037189703,14.193096197652006,79.90187489048537,False
06037463103,0.0,0.0,True
06037143801,7.281553398058253,48.84708737864078,False
06037189704,32.93875450334534,94.69891919711786,False
06037430005,0.0,0.0,True
06037800336,0.0,0.0,True
06037143802,15.562472209871054,76.92307692307693,False
06037400801,0.0,0.0,True
06037139705,4.7959612957509465,40.13462347496845,False
06037143605,66.47450909745992,103.76508737164475,False
06037189501,26.200873362445417,49.239572353561215,False
06037189502,18.717504332755635,56.67244367417678,False
06037190303,35.13238289205703,52.31670061099797,False
06037800324,0.0,0.0,True
06037431004,0.0,0.0,True
06037143302,12.956419316843345,64.78209658421673,False
06037143101,12.935164484190354,58.44778026189716,False
06037311601,0.0,0.0,True
06037800334,0.0,0.0,True
06037431003,0.0,0.0,True
06037800333,0.0,0.0,True
06037143401,8.253094910591473,56.64624234087783,False
06037311602,0.6699419383653417,1.1165698972755693,True
06037143102,17.241379310344826,62.5,False
06037301902,0.0,0.0,True
06037800206,0.0,0.0,True
06037143301,10.018552875695732,54.54545454545454,False
06037462600,0.0,0.0,True
06037117405,30.36944270507201,34.439574201628055,False
06037117301,12.56348569901096,49.71932638331997,False
06037103300,6.455500086073335,41.31520055086934,False
06037910807,0.0,0.0,True
06037920331,0.0,0.0,True
06037920332,0.0,0.0,True
06037405001,0.0,0.0,True
06037405002,0.0,0.0,True
06037405102,0.0,0.0,True
06037405201,0.0,0.0,True
06037405202,0.0,0.0,True
06037405203,0.0,0.0,True
06037408401,0.0,0.0,True
06037431900,0.0,0.0,True
06037432101,0.0,0.0,True
06037432102,0.0,0.0,True
06037432201,0.0,0.0,True
06037432202,0.0,0.0,True
06037460900,0.0,0.0,True
06037461000,0.0,0.0,True
06037461100,0.0,0.0,True
06037400402,0.0,0.0,True
06037403316,0.0,0.0,True
06037403318,0.0,0.0,True
06037403319,0.0,0.0,True
06037403320,0.0,0.0,True
06037405400,0.0,0.0,True
06037405500,0.0,0.0,True
06037408624,0.0,0.0,True
06037408625,0.0,0.0,True
06037432300,0.0,0.0,True
06037432401,0.0,0.0,True
06037432402,0.0,0.0,True
06037432601,0.0,0.0,True
06037461400,0.0,0.0,True
06037461600,0.0,0.0,True
06037901003,0.0,0.0,True
06037576401,0.0,0.0,True
06037570502,0.0,0.0,True
06037542501,0.0,0.0,True
06037461700,0.0,0.0,True
06037403321,0.0,0.0,True
06037405600,0.0,0.0,True
06037408303,0.0,0.0,True
06037408627,0.0,0.0,True
06037405900,0.0,0.0,True
06037117530,27.06766917293233,32.446500867553496,False
06037119310,29.947916666666668,42.96875,False
06037221602,43.93573155125835,57.58566756718327,False
06037234902,78.85992763789412,65.79044524846785,False
06037236203,49.99547142468979,80.42749750928357,False
06037236204,59.70918840878622,93.7403320614623,False
06037237101,138.4221748400853,128.95522388059703,False
06037237202,58.96190620731522,72.39338291091211,False
06037119340,26.357827476038338,23.961661341853034,False
06037408705,0.0,0.0,True
06037432602,0.0,0.0,True
06037432700,0.0,0.0,True
06037432801,0.0,0.0,True
06037432802,0.0,0.0,True
06037432902,0.0,0.0,True
06037237401,46.9903231097261,46.25225520747909,False
06037237402,55.02943434860507,55.54133606347581,False
06037239202,62.683284457478,61.950146627565985,False
06037239501,56.57748049052397,39.01895206243032,False
06037239502,58.483350433728205,50.368435780244376,False
06037239602,62.1167688616369,43.98826979472141,False
06037239701,47.48581021664401,44.368055000399714,False
06037214902,48.92367906066536,172.99412915851272,False
06037234501,49.39280709948622,53.24614666043905,False
06037234502,22.788721514098107,27.80996523754345,False
06037265201,8.254716981132075,47.56289308176101,False
06037275101,34.42280945757997,60.500695410292074,False
06037119700,17.432646592709986,54.109123839710215,False
06037119900,15.105279218797682,30.439426304546846,False
06037120020,42.02353317858001,53.54998799327624,False
06037120030,34.607906675307845,45.495787427090086,False
06037462100,0.0,0.0,True
06037462400,0.0,0.0,True
06037295103,16.420147260050825,74.28161855737277,False
06037102103,17.635203224722876,60.96741686261337,False
06037533001,0.0,0.0,True
06037536104,0.0,0.0,True
06037600304,4.380314351971141,1.8036588508116465,True
06037910715,0.0,0.0,True
06037104201,20.078207249210408,23.913370431643855,False
06037910716,0.0,0.0,True
06037104310,24.573683818601538,26.80765507483804,False
06037104401,38.33221250840619,34.29724277067922,False
06037124700,11.443102352193263,75.71519389701209,False
06037602802,0.4497751124437781,0.0,True
06037603006,0.0,0.0,True
06037603801,0.0,0.0,True
06037700101,1.2766733540032829,9.848623016596754,True
06037700501,0.0,0.0,True
06037700502,0.0,0.0,True
06037700801,0.0,0.0,True
06037700802,0.0,1.4778325123152711,True
06037701402,0.0,0.0,True
06037104500,17.164468580294802,20.94647013188518,False
06037104610,21.478948493267794,28.211156229963667,False
06037104620,21.31705364291433,23.11849479583667,False
06037104701,29.794692038057086,37.305958938407606,False
06037125200,37.73584905660377,87.96863513844647,False
06037106642,10.494469131133593,41.69424222369292,False
06037106643,6.378454996456414,46.30285849279471,False
06037107010,18.139841688654354,23.08707124010554,False
06037107020,14.498757249378624,24.233637116818556,False
06037108101,6.742583158525623,35.51093796823494,False
06037108102,5.106382978723404,51.06382978723404,False
06037600303,0.0,0.0,True
06037602505,0.0,0.0,True
06037602506,0.0,0.0,True
06037106010,16.75531914893617,35.63829787234043,False
06037123104,13.689700130378096,25.64102564102564,False
06037123204,17.851739788199698,26.626323751891075,False
06037123206,20.89878431908209,45.48558940035514,False
06037123301,27.557727962245067,60.171919770773634,False
06037123303,19.084403044416675,26.241054186072926,False
06037125310,77.83543365455893,87.71929824561403,False
06037125600,8.357477156229105,29.08402050367729,False
06037127210,59.380998080614205,212.33205374280232,False
06037127220,11.584580990447803,35.76993428629497,False
06037127300,44.563131102395054,73.85462738880081,False
06037127400,41.02144568456729,99.39811838952843,False
06037602507,0.0,0.0,True
06037240402,81.34168452282842,58.3484423932751,False
06037241001,65.93183662428997,61.06302407357317,False
06037533805,0.0,0.0,True
06037402405,0.0,0.0,True
06037402705,0.0,0.0,True
06037402706,0.0,0.0,True
06037402803,0.0,0.0,True
06037402804,0.0,0.0,True
06037402903,0.0,0.0,True
06037104108,30.90284790951323,35.75035346394668,False
06037106406,10.874067937033969,19.72866611433306,False
06037109100,41.83195095564371,67.43598990263253,False
06037109200,18.096073700372887,53.959201579293705,False
06037109300,13.781512605042018,23.52941176470588,False
06037109400,11.251635412123855,24.33493240296555,False
06037109500,24.611625065456447,41.10665037528364,False
06037109601,13.387504995337684,38.96363394165445,False
06037127520,27.57785220551557,34.41886980688377,False
06037106646,19.62676962676963,49.227799227799224,False
06037407801,0.0,0.0,True
06037408005,0.0,0.0,True
06037408140,0.0,0.0,True
06037406701,0.0,0.0,True
06037108104,4.026845637583893,31.06423777564717,False
06037111100,16.943521594684384,48.17275747508306,False
06037111201,19.19043624161074,170.51174496644296,False
06037111202,19.074349868255243,61.34723336006416,False
06037111204,7.594509450945095,30.20927092709271,False
06037111302,15.87516960651289,48.846675712347356,False
06037127920,10.002273243919074,27.2789270288702,False
06037128210,45.82281843538319,36.25979545756409,False
06037128303,35.28731199382954,40.49363671423062,False
06037128400,28.593749999999996,157.265625,False
06037128500,26.15600186828585,85.94114899579635,False
06037123304,31.129288798000456,65.439672801636,False
06037408504,0.0,0.0,True
06037109800,13.403647549989014,44.60558119094704,False
06037123510,7.759524641733661,19.084236281020626,True
06037123520,24.897905414306415,75.48412593861151,False
06037123601,14.624213254350241,38.87449092928545,False
06037123700,18.41865095826765,58.49166182693106,False
06037123800,21.978666041495725,97.76110655257297,False
06037401001,0.0,0.0,True
06037401002,0.0,0.0,True
06037401101,0.0,0.0,True
06037401102,0.0,0.0,True
06037113211,8.604892040474862,29.878097362759934,False
06037113212,24.621878297572987,45.02286317270489,False
06037128910,15.257192676547515,61.46469049694856,False
06037131100,10.841836734693878,41.45408163265306,False
06037131200,17.3567166877599,43.93418911589224,False
06037403323,0.0,0.0,True
06037403324,0.0,0.0,True
06037241202,90.38054968287527,71.55126849894292,False
06037406500,0.0,0.0,True
06037406601,0.0,0.0,True
06037262501,4.30416068866571,35.240315638450504,False
06037264103,8.44449883735161,41.12103781666871,False
06037239702,91.95656990915134,53.84444936849103,False
06037239802,74.64669646092524,50.911945887184444,False
06037265601,9.071564564900884,35.61429051405533,False
06037461501,0.0,0.0,True
06037650605,0.0,0.0,True
06037900508,0.0,0.0,True
06037901008,0.0,0.0,True
06037106649,9.07258064516129,37.42439516129032,False
06037108202,7.7188639916623245,33.61125586242835,False
06037102104,7.0639818122767135,25.08931471256902,True
06037113237,20.669291338582678,68.12429696287964,False
06037408505,0.0,0.0,True
06037408631,0.0,0.0,True
06037190401,59.60264900662252,133.39640491958374,False
06037190402,2.625054688639347,6.125127606825142,True
06037190801,84.44687842278204,124.53450164293538,False
06037207501,40.323886639676104,89.39271255060729,False
06037208501,38.089005235602095,50.261780104712045,False
06037185203,16.671077004498542,28.18205874569992,False
06037433200,0.0,0.0,True
06037433302,0.0,0.0,True
06037433403,0.0,0.0,True
06037185204,3.293084522502744,29.088913282107573,False
06037211121,39.566847147022074,37.48438150770512,False
06037211202,56.018385521401896,77.99482907210573,False
06037577604,0.0,0.0,True
06037462700,0.0,0.0,True
06037462800,0.0,0.0,True
06037463000,0.0,0.0,True
06037910505,0.0,0.0,True
06037291120,57.78414517669532,93.12320916905443,False
06037480702,0.0,0.0,True
06037480703,0.0,0.0,True
06037267902,5.991285403050108,53.649237472766885,False
06037269601,42.81994406403703,159.70681840100298,False
06037269903,18.45089371516433,54.776090716894096,False
06037269905,15.791848398255377,32.9372838020755,False
06037271902,12.659296143134442,55.19453118406617,False
06037272201,3.303445021236432,21.708352996696554,True
06037272202,14.219541096628245,45.243994398362595,False
06037535902,0.0,0.0,True
06037601303,0.0,0.0,True
06037532606,0.0,0.0,True
06037271801,16.49670065986803,63.8872225554889,False
06037221810,24.803469775006775,51.640010843046895,False
06037203200,18.007915567282325,20.382585751978894,False
06037262400,1.7423626437449182,27.87780229991869,False
06037209402,72.7580372250423,41.09257916364515,False
06037212305,31.578947368421055,40.653357531760435,False
06037433602,0.0,0.0,True
06037480704,0.0,0.0,True
06037480802,0.0,0.0,True
06037211804,17.447393465158083,44.41154700222057,False
06037212101,109.81757081132982,159.50552088334132,False
06037212102,27.37802737802738,54.40505440505441,False
06037214503,18.02500242271538,63.087508479503825,False
06037234901,33.261802575107296,51.144492131616595,False
06037239801,50.56849805199968,38.40343484137712,False
06037553504,0.0,0.0,True
06037554105,0.0,0.0,True
06037554203,0.0,0.0,True
06037554204,0.0,0.0,True
06037554301,0.0,0.0,True
06037554302,0.0,0.0,True
06037480901,0.0,0.0,True
06037261102,8.735551045618989,35.206917850525016,False
06037191204,19.650655021834062,40.61135371179039,False
06037143901,30.56313171827371,152.33434943045086,False
06037139802,3.2008535609495867,53.881034942651375,False
06037460700,0.0,0.0,True
06037123010,25.56099207018728,110.59557955120634,False
06037134720,27.897524325655866,47.48121689863284,False
06037920034,0.0,0.0,True
06037910808,0.0,0.0,True
06037224310,58.79208979155532,40.08551576696953,False
06037113231,9.852216748768473,33.58710255261979,False
06037300800,0.0,0.0,True
06037143602,19.06077348066298,84.5303867403315,False
06037430901,0.0,0.0,True
06037186100,8.316156087852725,28.360224607292626,False
06037301206,0.0,0.0,True
06037542103,0.0,0.0,True
06037293307,27.3224043715847,29.508196721311478,False
06037209810,37.78526000748223,49.008604564160116,False
06037117404,21.03518612952575,49.145843957164715,False
06037123203,48.7662261723775,64.90468950999882,False
06037237600,107.57865028637835,49.555906034697436,False
06037204410,28.807140925074386,29.618609683527186,False
06037296220,66.38256023602688,89.00180298311753,False
06037228500,59.20651068158698,45.37131230925738,False
06037183810,27.04397585639257,36.21541114682136,False
06037460501,0.0,0.0,True
06037920314,0.0,0.0,True
06037575803,0.0,0.0,True
06037621201,0.0,0.0,True
06037131400,16.998111320964334,28.83012998555716,False
06037131600,37.73095623987034,48.6223662884927,False
06037131900,26.689520078354555,62.43878550440744,False
06037554405,0.0,0.0,True
06037262303,4.22237860661506,30.260380014074595,False
06037191410,27.36737729300942,38.67129400099158,False
06037541606,0.0,0.0,True
06037234800,26.283560998586903,45.5016486104569,False
06037500600,0.0,0.0,True
06037141600,7.4092999489013796,47.77721001532959,False
06037302103,0.0,0.0,True
06037570601,0.0,0.0,True
06037211802,43.05705059203445,94.72551130247578,False
06037262100,10.077133615327195,50.758895247574024,False
06037191720,38.795599305153445,56.745801968731904,False
06037194300,11.928429423459244,52.97626008653958,False
06037122420,12.435846821950257,46.58507698381366,False
06037128220,9.942554131683606,33.80468404772426,False
06037189903,2.259716782163302,9.038867128653209,True
06037194101,14.11395713538944,65.55148980658652,False
06037111205,18.029788345962896,43.63731382283773,False
06037265602,6.959019109687397,38.77167789682978,False
06037115403,19.296364876717668,41.224052236624104,False
06037297201,29.720575783234548,26.672311600338695,False
06037603802,0.0,0.0,True
06037125502,15.17478095926294,47.421190497696685,False
06037127103,37.418974661166764,53.91868002357101,False
06037127603,16.185109699076847,28.773528353914397,False
06037127711,81.73690932311622,154.5338441890166,False
06037127803,24.47598832581587,52.53382860175113,False
06037127806,46.08253044900927,54.80821668787493,False
06037128101,44.33833560709413,106.41200545702593,False
06037128601,27.375201288244767,30.394524959742352,False
06037128602,17.764350453172202,69.24471299093655,False
06037128802,21.52777777777778,74.7685185185185,False
06037131702,37.73584905660377,59.06480721903199,False
06037132002,16.121560270545725,28.629667377003614,False
06037132101,14.384530734161293,31.362993240056593,False
06037273502,127.07543469734605,179.631324356125,False
06037273902,30.354541039339484,80.13598834385624,False
06037275102,17.795972930069347,35.84259336619601,False
06037275603,12.923297834151013,55.641976785927966,False
06037461502,0.0,0.0,True
06037461901,0.0,0.0,True
06037461902,0.0,0.0,True
06037462002,0.0,0.0,True
06037462201,0.0,0.0,True
06037462202,0.0,0.0,True
06037462301,0.0,0.0,True
06037231720,68.28293249081179,75.2466309884583,False
06037403317,0.0,0.0,True
06037212410,25.96247169200906,61.14526043351667,False
06037127102,45.10698451455375,72.67236394011437,False
06037482201,0.0,0.0,True
06037482202,0.0,0.0,True
06037482301,0.0,0.0,True
06037482303,0.0,0.0,True
06037462302,0.0,0.0,True
06037463602,0.0,0.0,True
06037554513,0.0,0.0,True
06037262200,9.778357235984355,47.58800521512386,False
06037297110,56.86497231293483,66.6619338350135,False
06037400603,0.0,0.0,True
06037402200,0.0,0.0,True
06037403802,0.0,0.0,True
06037408623,0.0,0.0,True
06037430801,0.0,0.0,True
06037482304,0.0,0.0,True
06037482401,0.0,0.0,True
06037554406,0.0,0.0,True
06037701902,0.0,0.0,True
06037702102,0.3493653196692675,6.637941073716083,True
06037431501,0.0,0.0,True
06037431502,0.0,0.0,True
06037433304,0.0,0.0,True
06037433305,0.0,0.0,True
06037433306,0.0,0.0,True
06037482503,0.0,0.0,True
06037433402,0.0,0.0,True
06037480011,0.0,0.0,True
06037481711,0.0,0.0,True
06037501700,0.0,0.0,True
06037531101,0.0,0.42753313381787084,True
06037533105,0.0,0.0,True
06037533701,0.0,0.0,True
06037541500,0.0,0.0,True
06037552601,0.0,0.0,True
06037554517,0.0,0.0,True
06037117302,19.10304690174598,67.37418692228688,False
06037117303,12.178936685143258,48.481536419704895,False
06037117520,32.16533291896512,27.736772589542383,False
06037482600,0.0,0.0,True
06037482701,0.0,0.0,True
06037572500,0.0,0.0,True
06037132102,26.46772624067467,62.471618553357125,False
06037132501,15.260260609016793,24.6672705734792,False
06037132502,41.021227768215724,48.19277108433735,False
06037134002,17.480155379158923,29.38692788380341,False
06037134423,2.6418786692759295,21.72211350293542,True
06037134904,34.56122884369222,49.06841132129143,False
06037137104,33.43334762108872,92.58465495070723,False
06037139001,16.60849681068721,53.43603321699363,False
06037139402,29.73100519112789,111.84521000471919,False
06037480303,0.0,0.0,True
06037910210,0.0,0.0,True
06037910712,0.0,0.0,True
06037910713,0.0,0.0,True
06037920045,0.0,0.0,True
06037575103,0.0,0.0,True
06037575202,0.0,0.0,True
06037601002,0.0,0.0,True
06037603102,0.8418295762791133,3.086708446356749,True
06037620521,0.0,0.0,True
06037900701,0.0,0.0,True
06037910709,0.0,0.0,True
06037910810,0.0,0.0,True
06037920043,0.0,0.0,True
06037920104,0.0,0.0,True
06037920303,0.0,0.0,True
06037433307,0.0,0.0,True
06037269907,17.511998962251916,80.9443507588533,False
06037120300,19.590931493346474,92.96451453918186,False
06037120400,12.886881815177883,38.660645445533646,False
06037121010,32.834660967553916,63.53215465319603,False
06037121020,24.692499768796818,52.15943771386294,False
06037293306,21.309845148458585,38.35772126722546,False
06037570404,0.0,0.0,True
06037571504,0.0,0.0,True
06037121210,39.90131931781615,75.29765097071758,False
06037121600,17.265634991686916,47.57641642153728,False
06037124000,8.39319470699433,61.02079395085067,False
06037124102,35.94118714830278,68.0704302051189,False
06037124201,21.029330381848368,46.20918649695628,False
06037124300,27.003293084522504,57.9582875960483,False
06037124400,8.699531563685033,45.28217711354004,False
06037124600,14.905950550100556,72.75523482787176,False
06037482702,0.0,0.0,True
06037500202,0.0,0.0,True
06037141102,17.15486054382075,79.4725172132104,False
06037141201,22.199798183652877,101.91725529767912,False
06037141202,14.020215194000652,73.36159113139875,False
06037141304,35.72223458713554,121.18851546850657,False
06037143603,10.89734965693529,47.62545405623571,False
06037183221,10.671816241487956,17.989633092793984,False
06037183222,7.102272727272727,19.60227272727273,True
06037183401,14.827018121911038,28.830313014827016,False
06037910606,0.0,0.0,True
06037121900,25.10593220338983,47.03389830508475,False
06037122000,34.665289522948804,87.72835840165257,False
06037122120,12.24671565352928,21.598753061678913,False
06037122200,20.0213561131874,41.1105178857448,False
06037123020,28.281363306744016,37.34590282813633,False
06037123103,42.19691895512391,137.642330877428,False
06037101110,15.650080256821832,35.87479935794543,False
06037101220,12.714313234444232,36.987093045655946,False
06037113301,72.39447142323496,309.9738513261113,False
06037113303,38.84333189469141,98.66206301251619,False
06037113322,12.408861469433537,39.75042063937184,False
06037106020,18.490617723599506,36.77578413915902,False
06037106111,7.4554742510009655,18.431589120530166,True
06037115101,16.913462844722186,117.78290993071595,False
06037115202,22.629666336306574,57.4826560951437,False
06037115301,16.159198024986907,39.94912845066208,False
06037115401,22.275073960206512,40.72161958350252,False
06037137000,15.187239944521497,47.01803051317614,False
06037275500,20.80554814617231,35.409442518004795,False
06037462001,0.0,0.0,True
06037463601,0.0,0.0,True
06037920116,0.0,0.0,True
06037920119,0.0,0.0,True
06037920338,0.0,0.0,True
06037221601,54.68369236767717,53.22156155570719,False
06037222001,25.76729271644526,37.44846541456711,False
06037237201,46.46983311938382,38.767650834403085,False
06037239201,45.78613937416011,27.932424649644847,False
06037239601,81.42292490118577,40.31620553359684,False
06037132700,25.941815256736827,43.839656790454484,False
06037132900,27.743849240970164,51.823416506717855,False
06037133000,26.02827763496144,60.97365038560412,False
06037134103,6.0521415270018615,27.23463687150838,False
06037134104,22.178529296106962,37.04286276051907,False
06037134201,24.848677922905388,47.785919082510354,False
06037141303,14.492753623188406,50.0945179584121,False
06037186202,21.2562236690923,89.04634239754883,False
06037188202,5.895196506550218,50.109170305676855,False
06037189905,43.68731968677016,107.15757659019096,False
06037602504,0.0,0.0,True
06037241002,53.543979504696836,49.70111016225448,False
06037262604,6.590435419365741,57.2860924914099,False
06037262802,8.153701968134959,34.02061855670104,False
06037267403,4.733617969185075,43.716354186003336,False
06037296901,31.673530512916507,39.53575439910146,False
06037123902,19.653893695920893,52.65760197775031,False
06037134522,14.096062052505967,33.78579952267304,False
06037192001,54.48814169918944,137.34614229960974,False
06037211122,116.18312483364387,240.35134415757253,False
06037104822,21.958717610891522,34.255599472990774,False
06037650604,0.0,0.0,True
06037901210,0.0,0.0,True
06037269602,16.404935501962985,29.444756029164328,False
06037271901,9.138911454102356,45.69455727051179,False
06037302003,0.0,0.0,True
06037115103,20.68187515668087,45.87615943845575,False
06037127605,27.603170265099756,32.52254714402842,False
06037400404,0.0,0.0,True
06037117102,23.37553916794212,38.40267149019062,False
06037119341,25.495750708215297,58.381574085478505,False
06037120106,40.16064257028113,33.07347035199622,False
06037122121,18.550581251545882,30.051941627504327,False
06037124204,36.01842803294709,108.47410302945694,False
06037128801,18.895984603271806,56.68795380981542,False
06037139504,21.727322107550243,62.194459532862574,False
06037191902,20.83823875676948,93.24228867435836,False
06037194102,18.63595185712437,81.1440403778957,False
06037195803,24.923480542195016,399.2129427197201,False
06037102105,11.266430210723971,41.3102441059879,False
06037104124,12.950356964967623,21.417898057446454,False
06037104821,29.7000297000297,96.82209682209682,False
06037106408,6.8619688572182636,8.709422011084719,True
06037115104,18.409143207793203,48.78422950065199,False
06037119201,10.684999585852728,22.115464259090533,False
06037125501,33.2533424751457,78.16249571477546,False
06037800204,0.0,0.0,True
06037571703,0.0,0.0,True
06037901209,0.0,0.0,True
06037134422,14.029930518439338,28.46071619454837,False
06037134520,61.03135260413313,132.685250756454,False
06037134901,33.52869020035437,82.186179637454,False
06037135102,15.494533872772662,29.69785658948093,False
06037135111,74.67504884886586,273.468694248577,False
06037910404,0.0,0.0,True
06037910602,0.0,0.0,True
06037135202,7.743045597935188,33.76828219099512,False
06037910707,0.0,0.0,True
06037533402,0.0,0.0,True
06037533501,0.0,0.0,True
06037576503,0.0,0.0,True
06037920015,0.0,0.0,True
06037920016,0.0,0.0,True
06037920017,0.0,0.0,True
06037920018,0.0,0.0,True
06037134710,15.904696563338115,27.13154119628267,False
06037700901,2.1565495207667733,7.907348242811501,True
06037700902,1.8517565968828764,11.264852631037499,True
06037701000,0.0,0.0,True
06037701201,0.5286809410520751,0.7930214115781126,True
06037701202,0.0,0.0,True
06037702400,1.2706480304955527,0.6353240152477764,True
06037900602,0.0,0.0,True
06037134302,9.324009324009324,28.904428904428904,False
06037134303,24.62006079027356,45.045592705167174,False
06037134304,25.218675451550606,82.47188458480063,False
06037134421,5.104013610702962,16.008042688113836,True
06037920029,0.0,0.0,True
06037920031,0.0,0.0,True
06037701302,0.0,0.0,True
06037701501,0.0,0.0,True
06037701502,0.0,0.0,True
06037701601,0.0,0.0,True
06037701602,0.0,0.22125525481230177,True
06037701701,2.0777678836449986,4.749183734045711,True
06037702501,0.0,0.0,True
06037702502,0.7081595719568811,5.429223385002754,True
06037702600,0.1594811546435596,0.0,True
06037702700,0.0,0.0,True
06037702802,0.0,3.1296572280178836,True
06037702803,4.454597372929754,40.434037692747,False
06037900606,0.0,0.0,True
06037701702,0.0,0.0,True
06037701801,0.16075447433286894,0.48226342299860675,True
06037701802,0.0,0.0,True
06037702201,0.0,0.0,True
06037703002,3.1469488278755815,16.41886344978564,True
06037703100,0.49731999778968894,0.663093330386252,True
06037402304,0.0,0.0,True
06037208301,9.714285714285714,9.714285714285714,False
06037219901,22.492970946579195,26.710402999062797,False
06037551401,0.0,0.0,True
06037651401,0.0,0.0,True
06037670324,0.0,0.0,True
06037407602,0.0,0.0,True
06037189904,45.53049289891395,107.35171261487051,False
06037190201,87.58913085372903,109.55868182694161,False
06037188100,18.09598741148702,48.78048780487805,False
06037188300,14.717661193432118,103.32398878654385,False
06037189300,15.690376569037657,77.75453277545327,False
06037199120,29.761372776834392,37.53686656537671,False
06037199201,29.134615384615387,31.153846153846153,False
06037199202,24.652087475149102,25.84493041749503,False
06037199300,12.135295636457526,37.438678027368965,False
06037199400,21.04781514527568,30.885380919698008,False
06037199700,36.46548990592961,48.19786491914174,False
06037199900,36.59574468085106,39.57446808510638,False
06037201110,8.817354793561933,11.336599020293914,True
06037127104,17.053206002728512,34.78854024556617,False
06037127804,10.979358805445761,14.931927975406236,False
06037128102,70.52254239624983,80.65628015993383,False
06037132001,20.05491225975886,53.71851498149695,False
06037134001,38.92876863611264,44.450579790171176,False
06037208802,77.28723989871187,139.381261697677,False
06037211921,38.839724680432646,49.65585054080629,False
06037215102,23.66428270929743,376.73538073201513,False
06037217002,26.694742562151884,58.076348322238836,False
06037221303,41.46564089190246,52.41882905202764,False
06037920102,0.0,0.0,True
06037920115,0.0,0.0,True
06037201120,19.538949352986545,21.33858942497215,False
06037201501,16.29730230261127,22.038397431940243,False
06037201503,26.428945988463553,34.92396434189827,False
06037201504,15.748031496062993,22.69569245020843,False
06037201700,15.666314119513483,26.176626123744047,False
06037203100,29.983854847389864,26.06288921350042,False
06037203300,80.34817542684969,208.40308001339136,False
06037203500,56.1849710982659,56.53179190751445,False
06037203710,24.931560422369962,18.18537348455221,False
06037203720,32.466931828693,33.29941726019795,False
06037575801,0.0,0.0,True
06037651221,0.0,0.0,True
06037554600,0.0,0.0,True
06037620201,0.0,0.0,True
06037189201,19.54732510288066,78.87517146776406,False
06037211803,31.178776552101375,67.00701978302489,False
06037211922,10.686434966785406,10.97525753345528,False
06037212501,15.781167806417674,32.614413466596524,False
06037241201,66.01542416452442,37.63496143958869,False
06037702002,0.0,0.0,True
06037267901,40.728267733108815,374.4474847400547,False
06037269906,10.130856901646265,47.171802448290414,False
06037203900,22.616562282533057,128.74043145441894,False
06037204110,23.332547725665805,42.069290596276225,False
06037204120,17.85478111360931,17.45800819997355,False
06037204300,28.86212624584718,26.578073089700997,False
06037204600,33.99864682002706,53.53518267929634,False
06037204700,27.989821882951656,50.25445292620865,False
06037204810,35.96933761383738,56.2143746314617,False
06037204820,46.95652173913043,53.59683794466403,False
06037204910,22.376300031515918,35.29782540182792,False
06037137301,10.962241169305724,35.6272838002436,False
06037137302,7.935924755676392,28.4370637078404,False
06037137401,13.220555831971,53.521927642334205,False
06037141400,18.876581241397393,80.02883922134102,False
06037535001,0.0,0.0,True
06037603005,0.0,0.0,True
06037604001,0.0,0.0,True
06037104203,19.997360084477297,17.819429778247095,False
06037102107,11.038542912335572,43.32628093091712,False
06037620904,0.0,0.0,True
06037650003,0.0,0.0,True
06037203800,11.39266726506939,16.778291790374922,False
06037208610,23.62580542518495,43.19465436321693,False
06037208620,48.211636723256966,63.787703972309224,False
06037208903,65.87419514611194,40.118870728083216,False
06037209300,38.18256466402081,43.31462980703436,False
06037209510,50.19398642095053,36.73617846750727,False
06037210010,49.303883596775876,67.20401967968178,False
06037190510,86.50198128319704,126.46488491695473,False
06037190520,14.838771045372395,22.543517549700372,False
06037190902,39.47368421052632,73.23407202216067,False
06037191000,99.23280090554647,143.94415796755126,False
06037191110,47.32620320855615,180.74866310160428,False
06037191120,30.492572322126662,53.94839718530102,False
06037191201,61.12258953168044,75.06887052341597,False
06037191420,30.316201238726507,45.637292187330225,False
06037191500,32.48302440814828,44.77885850614792,False
06037191610,37.64913831197526,46.39858594785683,False
06037191620,37.59398496240601,54.42176870748299,False
06037191710,30.162412993039442,52.590873936581595,False
06037191820,31.437125748502993,87.97111659034871,False
06037137402,9.721659626179042,42.35865979978011,False
06037272100,14.595808383233534,48.952095808383234,False
06037403403,0.0,0.0,True
06037407302,0.0,0.0,True
06037530902,0.0,0.0,True
06037221110,36.09756097560975,34.146341463414636,False
06037212303,19.71090670170828,31.274638633377137,False
06037201200,19.364637387672445,13.289457030755601,False
06037191203,35.76678098971093,60.75453209211171,False
06037135201,42.16867469879518,275.4350736278447,False
06037119400,8.944047701587742,18.51209873119323,False
06037113213,25.33482879197731,43.346308636273676,False
06037296600,61.42383069313129,70.2523323523887,False
06037575300,0.0,0.0,True
06037554001,0.0,0.0,True
06037920013,0.0,0.0,True
06037920312,0.0,0.0,True
06037535501,0.0,0.0,True
06037237300,47.66548124354709,49.38625673970403,False
06037408402,0.0,0.0,True
06037227010,36.90933312436329,51.484993339080006,False
06037219300,30.66619668664082,40.18329221008107,False
06037204420,97.24366041896361,68.46747519294377,False
06037404701,0.0,0.0,True
06037211320,69.41994396596452,81.87195185223617,False
06037262301,5.131128848346637,21.55074116305587,True
06037218120,39.112720688094164,46.9895880488909,False
06037209403,37.81895504252734,75.41008505467802,False
06037208902,133.46390598768886,171.23670956911025,False
06037212203,68.39816664707955,78.27006698789516,False
06037433901,0.0,0.0,True
06037194200,29.391594004114822,63.19192710884687,False
06037404901,0.0,0.0,True
06037183620,18.187830687830687,38.35978835978836,False
06037139303,30.04688165932661,38.14462281574087,False
06037123410,29.04361431644827,25.523176217484846,False
06037120010,31.47118301314459,42.46713852376138,False
06037117510,30.8300395256917,69.82872200263505,False
06037576501,0.0,0.0,True
06037294810,32.42553191489362,18.893617021276597,False
06037573002,0.0,0.0,True
06037400205,0.0,0.0,True
06037552900,0.0,0.0,True
06037242300,60.9264153567951,68.02058700792878,False
06037535503,0.0,0.0,True
06037534201,0.0,0.0,True
06037541700,0.0,0.0,True
06037533603,0.0,0.0,True
06037980015,67.1456203371097,108.59353412544903,False
06037262601,2.942907592701589,17.657445556209534,True
06037300100,0.0,0.0,True
06037300501,0.0,0.0,True
06037310701,0.0,0.0,True
06037310100,0.0,0.0,True
06037300200,0.0,0.0,True
06037300400,0.3523608174770966,0.8809020436927414,True
06037300701,0.0,0.0,True
06037300902,0.0,0.0,True
06037320300,0.9174311926605505,0.6116207951070336,True
06037301400,0.0,0.0,True
06037301501,0.0,0.0,True
06037301502,0.0,0.0,True
06037301601,0.0,0.7363318402159907,True
06037301701,0.0,0.0,True
06037301602,0.0,0.0,True
06037301702,0.16689847009735742,1.168289290681502,True
06037302002,0.0,0.0,True
06037310703,0.0,0.0,True
06037310900,0.0,0.0,True
06037311000,0.0,0.0,True
06037311100,3.2316871063970836,3.7288697381504807,True
06037311200,0.6400682739492213,0.960102410923832,True
06037311300,0.0,0.0,True
06037311400,0.8454276454840073,2.958996759194026,True
06037237900,41.18882248425133,54.999192376029725,False
06037534700,0.0,0.0,True
06037228600,49.20049200492005,46.33046330463304,False
06037222600,34.84188600643817,82.93883734141261,False
06037407101,0.0,0.0,True
06037482502,0.0,0.0,True
06037208904,34.08788282290279,22.902796271637815,False
06037302202,0.0,0.0,True
06037139703,6.270411495754409,67.01502286087525,False
06037430502,0.0,0.0,True
06037300702,0.0,0.0,True
06037123602,9.80909186794642,28.16158633055585,False
06037122410,36.75306275522961,55.004583715309614,False
06037131300,18.908497701319888,41.37624202877058,False
06037115302,43.826086956521735,66.0,False
06037109700,13.101476893758932,48.118151500714625,False
06037910501,0.0,0.0,True
06037576402,0.0,0.0,True
06037543903,0.0,0.0,True
06037571102,0.0,0.0,True
06037543701,0.0,0.0,True
06037241300,52.29318474067724,70.29575653664808,False
06037228410,33.19761979329784,37.58221108675227,False
06037531800,0.0,0.0,True
06037910809,0.0,0.0,True
06037204200,44.1394292485435,51.54537375333268,False
06037209820,52.46548323471401,57.59368836291913,False
06037214600,41.07169144707787,145.29662888267333,False
06037211420,31.498297389330304,67.82065834279229,False
06037191810,64.06585540443808,92.69863994273443,False
06037480302,0.0,0.0,True
06037192620,45.914029286726496,63.76948512045347,False
06037124500,21.548575602629658,55.88020452885318,False
06037301203,0.0,0.0,True
06037127910,31.22720944109262,42.36557713982629,False
06037123205,17.921986646362893,27.761508726718986,False
06037108103,6.832971800433839,43.600867678958785,False
06037575101,0.0,0.0,True
06037900102,0.0,0.0,True
06037570001,0.0,0.0,True
06037310800,0.0,0.0,True
06037311700,0.0,0.0,True
06037311802,0.0,0.0,True
06037533403,0.0,0.0,True
06037134305,21.71193709792709,22.784131522516084,False
06037920020,0.0,0.0,True
06037910706,0.0,0.0,True
06037910601,0.0,0.0,True
06037910804,0.0,0.0,True
06037575102,0.0,0.0,True
06037543201,0.0,0.0,True
06037553602,0.0,0.0,True
06037620001,0.0,0.0,True
06037535604,0.0,0.0,True
06037532900,0.0,0.31423483816905834,True
06037400501,0.0,0.0,True
06037401303,0.0,0.0,True
06037401304,0.0,0.0,True
06037576302,0.0,0.0,True
06037460401,0.0,0.0,True
06037910002,0.0,0.0,True
06037143902,8.70686875201548,57.72331505965817,False
06037141700,6.697852434616202,44.652349564108015,False
06037311500,0.0,0.0,True
06037123420,25.635103926096996,61.200923787528865,False
06037134101,16.862019329631913,33.724038659263826,False
06037301000,0.0,0.0,True
06037620301,0.0,0.0,True
06037540502,0.0,0.0,True
06037242600,83.04498269896195,66.5207259374338,False
06037401201,0.0,0.0,True
06037401202,0.0,0.0,True
06037401203,0.0,0.0,True
06037401311,0.0,0.0,True
06037401312,0.0,0.0,True
06037403401,0.0,0.0,True
06037408800,0.0,0.0,True
06037433601,0.0,0.0,True
06037401500,0.0,0.0,True
06037401601,0.0,0.0,True
06037401602,0.0,0.0,True
06037403402,0.0,0.0,True
06037403404,0.0,0.0,True
06037430101,0.0,0.0,True
06037430102,0.0,0.0,True
06037434001,0.0,0.0,True
06037463200,0.0,0.0,True
06037463300,0.0,0.0,True
06037463400,0.0,0.0,True
06037463500,0.0,0.0,True
06037463700,0.0,0.0,True
06037277100,9.362321855820243,65.22417559554769,False
06037277200,73.18395374051319,368.6302855077701,False
06037401901,0.0,0.0,True
06037401902,0.0,0.0,True
06037430302,0.0,0.0,True
06037430400,0.0,0.0,True
06037400206,0.0,0.0,True
06037291110,46.668270387298534,49.314409429877315,False
06037291130,32.25806451612903,45.57561408700799,False
06037291210,27.05726071453541,39.22254072572187,False
06037291220,28.865518012978292,38.26359364511076,False
06037291300,30.2537410540013,64.41119063109954,False
06037402101,0.0,0.0,True
06037403407,0.0,0.0,True
06037430600,0.0,0.0,True
06037293302,19.93284275201829,33.650067871686794,False
06037293304,22.846263683960018,24.68212415856395,False
06037294110,28.73514068245959,128.53844180278801,False
06037294120,18.00766283524904,26.053639846743295,False
06037294200,28.826355525051476,32.02928391672386,False
06037294410,27.07440592130892,43.241137514608496,False
06037293301,7.226166328600406,28.52434077079107,False
06037402102,0.0,0.0,True
06037402301,0.0,0.0,True
06037294620,32.52374149088159,21.68249432725439,False
06037294510,22.632612966601176,16.031434184675835,False
06037294820,49.67997561718988,44.49862846693081,False
06037294900,36.95522895251041,31.60309234559511,False
06037296210,38.60294117647059,34.249226006191954,False
06037296300,22.456279809220984,44.11764705882353,False
06037294610,24.582414119130156,26.236999684840843,False
06037460200,0.0,0.0,True
06037460301,0.0,0.0,True
06037460302,0.0,0.0,True
06037400602,0.0,0.0,True
06037275311,14.37699680511182,45.12779552715655,False
06037275400,12.707948243992606,73.01293900184842,False
06037296500,27.080168022164624,38.073107516310664,False
06037297120,26.213592233009706,33.78640776699029,False
06037297300,16.648168701442838,25.68574599651181,False
06037297400,7.393364928909953,30.42654028436019,False
06037407001,0.0,0.0,True
06037407002,0.0,0.0,True
06037407102,0.0,0.0,True
06037407301,0.0,0.0,True
06037430701,0.0,0.0,True
06037403408,0.0,0.0,True
06037407400,0.0,0.0,True
06037407701,0.0,0.0,True
06037407702,0.0,0.0,True
06037430721,0.0,0.0,True
06037430803,0.0,0.0,True
06037431002,0.0,0.0,True
06037460502,0.0,0.0,True
06037408133,0.0,0.0,True
06037400304,0.0,0.0,True
06037276000,12.501882813676758,67.63066726916703,False
06037276400,3.9023643737087768,35.80993189991583,False
06037276500,4.340225450599795,24.775453613840494,True
06037402501,0.0,0.0,True
06037402702,0.0,0.0,True
06037240020,53.5177766649975,39.05858788182274,False
06037533103,0.0,0.0,True
06037402703,0.0,0.0,True
06037403702,0.0,0.0,True
06037403703,0.0,0.0,True
06037403721,0.0,0.0,True
06037403722,0.0,0.0,True
06037402904,0.0,0.0,True
06037275200,15.490073889432919,49.14092406302858,False
06037702801,0.0,0.0,True
06037226420,32.40830584125752,40.94702115272657,False
06037219010,34.670947030497594,51.364365971107546,False
06037530006,0.0,0.0,True
06037209520,71.96652719665272,66.10878661087865,False
06037208720,56.94050991501416,40.79320113314448,False
06037208710,20.53489520852445,32.60179239291511,False
06037404902,0.0,0.0,True
06037481401,0.0,0.0,True
06037190901,85.21771631470752,81.29321622126704,False
06037189702,52.97827610371408,94.604064470918,False
06037143700,32.150033489618224,112.52511721366378,False
06037181300,12.305168170631665,64.47908121410991,False
06037300901,0.0,0.0,True
06037430200,0.0,0.0,True
06037278102,13.990672884743505,75.61625582944703,False
06037294301,25.931336742147554,35.06208911614317,False
06037294302,38.02253187073821,30.24014230655203,False
06037294421,47.28613194356171,60.25168425066734,False
06037294701,102.03117619272555,89.27727916863488,False
06037296401,8.575058225704002,27.313148422612745,False
06037101400,9.558488848429677,37.14155666818389,False
06037573601,0.0,0.0,True
06037900103,0.0,0.0,True
06037900104,0.0,0.0,True
06037900505,0.0,0.0,True
06037900506,0.0,0.0,True
06037900608,0.0,0.0,True
06037183402,5.485640529202969,20.974507905776058,True
06037183701,21.64979452741305,30.670542247168488,False
06037183702,9.347874471399955,45.40396171822835,False
06037186201,17.499748566830934,38.016695162425826,False
06037186203,5.089058524173028,23.264267539076698,True
06037186302,14.249328835960625,39.443794314035934,False
06037296402,19.348894348894348,35.31941031941032,False
06037296902,18.9010989010989,29.23076923076923,False
06037297202,23.80189132873858,35.34220227600577,False
06037297601,13.045944412932501,25.524673851389675,False
06037297602,26.563838903170524,33.99028848900314,False
06037104204,24.80916030534351,46.89203925845147,False
06037106645,7.936507936507936,49.88662131519275,False
06037121102,68.9556098261744,195.23057032035626,False
06037124104,15.863477947362096,35.33229179185194,False
06037406702,0.0,0.0,True
06037302505,0.24559967253377,0.24559967253377,True
06037302506,0.0,0.0,True
06037400403,0.0,0.0,True
06037576001,0.0,0.0,True
06037186403,15.001923323503014,28.849852545198104,False
06037186404,18.867924528301884,31.053459119496857,False
06037187101,11.124441051368741,38.9355436797906,False
06037188201,21.331828442437924,80.92550790067719,False
06037189101,11.295495746757773,76.14000836703389,False
06037189102,10.828417994541772,61.00889162778413,False
06037189202,9.096816114359974,59.77907732293697,False
06037190802,43.087342363381595,76.71648762260625,False
06037191301,55.91291439881247,70.75705096486888,False
06037191302,61.22448979591837,143.79329713536794,False
06037191901,86.4030551356512,150.84732277826396,False
06037124902,25.56818181818182,55.87121212121212,False
06037481605,0.0,0.0,True
06037481606,0.0,0.0,True
06037533703,0.0,0.0,True
06037500404,0.0,0.0,True
06037501001,0.0,0.0,True
06037300301,0.0,0.0,True
06037301205,0.0,0.0,True
06037134905,20.158827122785585,74.97084467151664,False
06037543306,0.0,0.0,True
06037576301,0.0,0.0,True
06037576903,0.0,0.0,True
06037577504,0.0,0.0,True
06037900609,0.0,0.0,True
06037901009,0.0,0.0,True
06037901010,0.0,0.0,True
06037901011,0.0,0.0,True
06037910504,0.0,0.0,True
06037192002,75.79027548559095,168.33819982226737,False
06037194401,27.59325498211548,87.37864077669902,False
06037194402,37.30797366495977,114.74553244853172,False
06037195201,10.246142974914614,34.624896949711456,False
06037195202,6.929102229363326,59.04800160674834,False
06037195804,10.718539102818578,64.70821754664549,False
06037195901,6.042701759097622,51.564388344299715,False
06037195902,17.56633119853614,91.67429094236047,False
06037195903,11.639676113360325,64.27125506072873,False
06037201601,12.453669384729428,30.68939955522609,False
06037201602,27.50565184626978,39.56292388847024,False
06037141101,11.72541216600341,52.44457077885162,False
06037190202,133.2012585945694,184.24426057569045,False
06037207103,52.81860765627524,132.28880633177192,False
06037211704,44.91555874955085,84.08192597915918,False
06037237102,60.13474174498877,42.169175746485905,False
06037240401,52.88192501398992,37.10128707330722,False
06037262704,9.000562535158448,53.440840052503276,False
06037264102,5.090497737556562,47.51131221719457,False
06037620305,0.0,0.0,True
06037621104,0.0,0.0,True
06037621204,0.0,0.0,True
06037621324,0.0,0.0,True
06037621326,0.0,0.0,True
06037650004,0.0,0.0,True
06037650401,0.0,0.0,True
06037650901,2.4009603841536613,2.2008803521408566,True
06037570402,0.0,0.0,True
06037570602,0.0,0.0,True
06037570603,0.0,0.0,True
06037570701,0.0,0.0,True
06037552302,0.0,0.0,True
06037553503,0.0,0.0,True
06037571704,0.0,0.0,True
06037573003,0.0,0.0,True
06037920044,0.0,0.0,True
06037570800,0.0,0.0,True
06037570901,0.0,0.0,True
06037570902,0.0,0.0,True
06037571000,0.0,0.0,True
06037571101,0.0,0.0,True
06037651302,0.0,0.0,True
06037262706,8.85216878135143,53.4080849808203,False
06037604002,0.0,0.0,True
06037701304,0.0,0.33003300330033003,True
06037101122,3.363767419509851,19.702066314271985,True
06037104404,30.66640456064478,31.55101238450953,False
06037104703,33.39439199661829,57.4890798929125,False
06037104704,11.95738821653743,23.69736937459236,False
06037106405,17.820370663709806,13.78108664660225,False
06037106407,31.674862597628,36.44778709864045,False
06037670413,0.0,0.0,True
06037106648,20.201288827745998,28.4555788863949,False
06037109603,14.492753623188406,33.483258370814596,False
06037109604,38.39501902455898,138.01452784503633,False
06037111206,17.997662641215427,61.238800155823924,False
06037113101,22.085546547386077,59.547106513838415,False
06037278001,58.395182747514355,222.6578910516734,False
06037104403,30.195633683016727,14.034590303373971,False
06037501803,0.0,0.0,True
06037501804,0.0,0.0,True
06037502003,0.0,0.0,True
06037502004,0.0,0.0,True
06037404201,0.0,0.0,True
06037404504,0.0,0.0,True
06037405301,0.0,0.0,True
06037405302,0.0,0.0,True
06037117101,8.793169364088186,31.92302790875494,False
06037117201,34.38256658595642,47.941888619854716,False
06037117407,34.54384410983171,28.638913492766463,False
06037117408,58.8235294117647,80.03201280512205,False
06037119342,7.276507276507277,22.176022176022176,True
06037120103,50.6780050563089,28.269363364743736,False
06037700102,1.791980885537221,1.1199880534607631,True
06037920118,0.0,0.0,True
06037402406,0.0,0.0,True
06037408006,0.0,0.0,True
06037430003,0.0,0.0,True
06037430301,0.0,0.0,True
06037274202,14.543630892678035,52.407221664994985,False
06037113102,16.262078717888286,58.68489276455339,False
06037115404,61.330690125139384,101.47441457068517,False
06037117202,18.44625753813409,58.17665838949982,False
06037119001,9.399358092618064,22.008253094910593,False
06037119202,20.6140350877193,34.868421052631575,False
06037121801,19.442644199611145,36.69799092676604,False
06037121802,69.25465838509317,102.17391304347827,False
06037123901,51.724137931034484,124.80227776020246,False
06037125402,28.72677107847115,73.27761097135438,False
06037480304,0.0,0.0,True
06037533002,0.0,0.0,True
06037536103,0.0,0.0,True
06037543322,0.0,0.0,True
06037543400,0.5563282336578582,0.0,True
06037543501,0.4819277108433735,2.570281124497992,True
06037543502,0.0,0.0,True
06037502801,0.0,0.0,True
06037503105,0.0,0.0,True
06037503106,0.0,0.0,True
06037301801,0.0,0.0,True
06037301802,0.0,0.0,True
06037302004,0.0,0.0,True
06037302401,0.0,0.0,True
06037302503,0.0,0.0,True
06037302504,0.0,0.0,True
06037120104,56.773315180394825,91.89925119128658,False
06037120107,31.988188976377952,27.559055118110237,False
06037120108,14.833127317676144,27.26677815749291,False
06037121101,20.21982579842389,42.928245541269185,False
06037121221,11.615301223478395,28.805947034226417,False
06037121222,24.57897132453346,35.11281617790494,False
06037124103,31.497513354208877,69.07349419782649,False
06037124105,23.042168674698797,25.301204819277107,False
06037124203,71.90283400809716,97.65182186234817,False
06037124903,12.461059190031152,52.440290758047766,False
06037127604,13.851605282937829,28.669601632127133,False
06037127606,28.57435477263417,35.64113068414584,False
06037127712,14.96861419604056,32.35152100434573,False
06037131701,8.958195089581952,23.490378234903783,False
06037134521,34.053858229682405,30.79338244173409,False
06037135113,26.495248742314143,96.25489100055898,False
06037137103,11.791237113402063,40.59278350515464,False
06037408136,0.0,0.0,True
06037571300,0.0,0.0,True
06037571400,0.0,0.0,True
06037571502,0.0,0.0,True
06037571600,0.0,0.0,True
06037571701,0.0,0.0,True
06037571800,0.0,0.0,True
06037408138,0.0,0.0,True
06037408139,0.0,0.0,True
06037408724,0.0,0.0,True
06037571900,0.0,0.0,True
06037572001,0.0,0.0,True
06037670001,0.0,0.0,True
06037670002,1.1982026959560659,0.5991013479780329,True
06037670003,0.0,0.0,True
06037542104,0.0,0.0,True
06037552301,0.0,0.0,True
06037573004,0.0,0.0,True
06037576904,0.0,0.0,True
06037208302,54.822549918859806,63.50102307203839,False
06037208401,33.00358178406959,34.79447381886406,False
06037208402,47.43083003952569,175.18806579115133,False
06037208502,37.33001510976802,65.06088347702426,False
06037208801,225.9475218658892,76.38483965014576,False
06037209103,38.26685563879328,47.37801174326787,False
06037209104,27.172486216854814,29.92911525334733,False
06037310201,0.0,0.0,True
06037310202,0.0,0.0,True
06037310501,0.0,0.0,True
06037310601,0.0,0.0,True
06037533803,0.0,0.0,True
06037533804,0.0,0.0,True
06037533901,0.0,0.0,True
06037310602,0.0,0.0,True
06037320201,0.24711696869851732,0.49423393739703464,True
06037320202,0.0,0.1654259718775848,True
06037120105,67.52767527675277,133.21033210332104,False
06037139401,72.56113947863479,179.79037893039506,False
06037543905,0.21998973381242207,1.3199384028745325,True
06037544001,0.0,0.0,True
06037544002,0.0,0.0,True
06037550201,0.0,0.0,True
06037533902,0.0,0.0,True
06037534001,0.0,0.0,True
06037550202,0.0,0.0,True
06037550601,0.0,0.0,True
06037550602,0.0,0.0,True
06037550901,0.0,0.0,True
06037211201,22.39979041131779,32.22425988996595,False
06037212502,71.12462006079028,133.7386018237082,False
06037212702,20.473822755191573,109.0962269669494,False
06037543503,0.0,0.0,True
06037543601,0.0,0.0,True
06037214501,54.719562243502054,396.7168262653899,False
06037215101,31.154757873349137,149.339654588554,False
06037216401,27.115858668857847,66.28321007943029,False
06037216402,16.720674011665587,77.7705767984446,False
06037217001,13.636363636363635,47.55244755244755,False
06037218701,20.88045937010614,45.414999129980856,False
06037218702,51.93026151930262,84.05977584059777,False
06037219902,32.35487198724561,59.36415642877239,False
06037221304,31.10221898872317,55.929428883230266,False
06037221401,39.3157262905162,57.92316926770708,False
06037122122,57.08582834331337,81.83632734530939,False
06037127805,24.130245178796397,46.806861129954456,False
06037183103,5.8690744920993225,19.638826185101582,True
06037183104,9.628378378378379,42.56756756756757,False
06037543603,0.0,0.0,True
06037543703,0.9633137994701775,1.2041422493377218,True
06037543801,0.0,0.0,True
06037186301,7.864186743228061,12.732492822369242,True
06037531503,0.0,0.0,True
06037531504,0.0,0.0,True
06037550902,0.0,0.0,True
06037551101,0.0,0.0,True
06037551102,0.0,0.0,True
06037551402,0.0,0.0,True
06037551501,0.0,0.0,True
06037551502,0.0,0.0,True
06037552001,0.0,0.0,True
06037552002,0.0,0.0,True
06037572201,0.0,0.0,True
06037572202,0.0,0.0,True
06037572301,0.0,0.0,True
06037572600,0.0,0.0,True
06037572700,0.0,0.0,True
06037573201,0.0,0.0,True
06037573300,0.0,0.0,True
06037670202,0.0,0.0,True
06037222002,39.48735711811569,46.1378593695878,False
06037226001,175.393511082557,380.66174108576934,False
06037226002,470.4343275771847,874.9345892203036,False
06037221402,25.912035458574838,42.959427207637226,False
06037400207,0.0,0.0,True
06037670406,0.0,0.0,True
06037670407,0.0,0.0,True
06037402001,0.0,0.0,True
06037402002,0.0,0.0,True
06037402303,0.0,0.0,True
06037207101,33.0550918196995,98.1636060100167,False
06037207102,204.5799979734522,204.27601580707267,False
06037207502,116.01523683338853,195.51175886054983,False
06037211703,17.75410563692854,33.51087438970262,False
06037212701,18.963337547408344,94.81668773704172,False
06037533806,0.0,0.0,True
06037535002,0.0,0.0,True
06037651304,0.0,0.0,True
06037651402,0.0,0.0,True
06037670326,0.0,0.0,True
06037670328,0.0,0.0,True
06037670416,0.0,0.0,True
06037534002,0.0,0.0,True
06037534101,0.0,0.0,True
06037534202,0.0,0.0,True
06037573401,0.0,0.0,True
06037573402,0.0,0.0,True
06037573403,0.0,0.0,True
06037573700,0.0,0.0,True
06037621301,0.0,0.0,True
06037621400,0.0,0.0,True
06037650001,0.0,0.0,True
06037650101,0.1941370607649,0.0,True
06037650102,0.0,0.0,True
06037650200,0.33478406427854035,0.16739203213927017,True
06037534301,0.0,0.0,True
06037534302,0.0,0.0,True
06037534203,0.0,0.0,True
06037534404,0.0,0.0,True
06037534405,0.0,0.0,True
06037541605,0.0,0.0,True
06037541801,0.0,0.0,True
06037541802,0.0,0.0,True
06037542000,0.0,0.0,True
06037573800,0.0,0.0,True
06037573902,0.0,0.0,True
06037574000,0.0,0.0,True
06037574100,0.0,0.0,True
06037574201,0.0,0.0,True
06037574202,0.0,0.0,True
06037574300,0.0,0.0,True
06037650300,0.0,0.0,True
06037650501,0.0,0.0,True
06037650502,0.0,0.0,True
06037650603,0.0,0.0,True
06037650701,0.0,0.0,True
06037542401,0.0,0.0,True
06037542402,0.0,0.0,True
06037542502,0.0,0.0,True
06037574400,0.0,0.0,True
06037574500,0.0,0.0,True
06037574602,0.0,0.0,True
06037574800,0.0,0.0,True
06037574901,0.0,0.0,True
06037574902,0.0,0.0,True
06037575001,0.0,0.0,True
06037575002,0.0,0.0,True
06037602900,0.0,0.23004370830457788,True
06037603004,0.0,0.0,True
06037503301,0.0,0.0,True
06037503302,0.0,0.0,True
06037503401,0.0,0.0,True
06037503902,0.0,0.0,True
06037542601,0.0,0.0,True
06037542602,0.0,0.0,True
06037542700,0.0,0.0,True
06037542800,0.0,0.0,True
06037542900,0.0,0.0,True
06037575201,0.0,0.0,True
06037575401,0.0,0.0,True
06037575402,0.0,0.0,True
06037575802,0.0,0.0,True
06037575901,0.0,0.0,True
06037575902,0.0,0.0,True
06037576200,0.0,0.0,True
06037603101,2.4960133120709975,0.8320044373569991,True
06037603200,1.489277204130262,0.2978554408260524,True
06037603301,0.0,0.0,True
06037603302,0.0,0.0,True
06037603400,0.0,0.0,True
06037603500,0.0,0.0,True
06037603600,0.0,0.0,True
06037603702,0.0,0.0,True
06037503601,0.0,0.0,True
06037503602,0.0,0.0,True
06037503701,0.0,0.0,True
06037503702,0.0,0.0,True
06037576403,0.0,0.0,True
06037576502,0.0,0.0,True
06037576602,0.0,0.0,True
06037576700,0.0,0.0,True
06037576801,0.0,0.0,True
06037576802,0.0,0.0,True
06037576901,0.0,0.0,True
06037577000,0.0,0.0,True
06037577100,0.0,0.0,True
06037577200,0.0,0.0,True
06037577300,0.0,0.0,True
06037577400,0.0,0.0,True
06037577501,0.0,0.0,True
06037609900,0.5704506560182544,6.845407872219053,True
06037620002,0.0,0.0,True
06037620101,0.0,0.0,True
06037620102,0.0,0.0,True
06037503801,0.0,0.0,True
06037503802,0.0,0.0,True
06037503901,0.0,0.0,True
06037504001,0.0,0.0,True
06037534406,0.0,0.0,True
06037534502,0.0,0.0,True
06037534802,0.0,0.0,True
06037534803,0.0,0.0,True
06037534804,0.0,0.0,True
06037550700,0.0,0.0,True
06037577602,0.0,0.0,True
06037599000,0.0,0.0,True
06037600100,0.0,0.4213680415749801,True
06037600201,0.0,0.0,True
06037600202,0.2827787727401263,0.2827787727401263,True
06037600302,0.687915615684476,1.031873423526714,True
06037600400,0.47869794159885115,0.7180469123982767,True
06037600501,0.0,0.0,True
06037620501,0.0,0.0,True
06037620522,0.0,0.0,True
06037620400,0.0,0.0,True
06037620601,0.0,0.0,True
06037504002,0.0,0.0,True
06037504101,0.0,0.0,True
06037534900,0.0,0.0,True
06037535101,0.0,0.0,True
06037535102,0.0,0.0,True
06037535200,3.1671945324220703,2.0003333888981496,True
06037535300,0.0,0.0,True
06037535400,14.13566310002945,9.718268381270248,False
06037535502,0.0,0.0,True
06037535603,0.0,0.0,True
06037535605,0.0,0.0,True
06037551201,0.0,0.0,True
06037551300,0.0,0.0,True
06037600601,0.0,0.0,True
06037600602,0.0,0.0,True
06037600702,0.0,0.0,True
06037600703,0.0,0.0,True
06037600704,0.0,0.0,True
06037600801,1.3880855986119145,1.041064198958936,True
06037600802,0.0,0.0,True
06037600902,0.0,0.0,True
06037600911,0.0,0.0,True
06037530005,0.0,0.0,True
06037530101,0.0,0.0,True
06037530102,0.0,0.0,True
06037530203,0.0,0.0,True
06037530204,0.0,0.0,True
06037535701,0.0,0.0,True
06037535702,0.0,0.0,True
06037535802,0.0,0.0,True
06037535803,0.0,0.0,True
06037535606,0.0,0.0,True
06037535804,0.0,0.0,True
06037535901,0.0,0.0,True
06037536000,0.0,0.0,True
06037535607,0.0,0.0,True
06037536102,0.0,0.0,True
06037540000,0.0,0.0,True
06037540101,0.0,0.0,True
06037540102,0.0,0.0,True
06037540202,0.0,0.0,True
06037540203,0.0,0.0,True
06037551700,0.0,0.0,True
06037551900,0.0,0.0,True
06037552100,0.0,0.0,True
06037552200,0.0,0.0,True
06037600912,10.376226441730783,4.87047363591445,False
06037601001,0.0,0.0,True
06037601100,0.0,0.0,True
06037601211,0.0,0.0,True
06037601212,0.0,0.0,True
06037601301,0.0,0.0,True
06037601302,0.1516530178950561,0.0,True
06037601401,0.0,3.033367037411527,True
06037540300,0.0,0.0,True
06037540400,0.995189915408857,0.4975949577044285,True
06037540501,0.0,0.0,True
06037540600,0.8918617614269788,0.2229654403567447,True
06037540700,0.6423295150412162,0.0,True
06037540901,0.0,0.0,True
06037540902,0.2303086135421465,0.2303086135421465,True
06037273700,24.85292352023052,78.160643534638,False
06037273800,18.245297893906972,63.520666741750205,False
06037274100,25.639051432091165,101.17031105635972,False
06037552400,0.0,0.0,True
06037552602,0.0,0.0,True
06037221500,30.33453033453033,44.22604422604422,False
06037221710,39.29150555070475,81.57664961955844,False
06037221900,27.516877017904314,126.79776929850306,False
06037222100,26.263627353815657,39.64321110009911,False
06037222200,35.691581146126595,44.955044955044954,False
06037222500,42.13875523824306,60.99643023436288,False
06037222700,54.74620456985126,159.40806624750806,False
06037224010,135.20661157024793,252.5619834710744,False
06037224020,157.85731215927945,336.69115904242716,False
06037234600,64.77987421383648,63.941299790356396,False
06037234700,55.237754737218445,93.58240972470503,False
06037235100,19.383331970229822,51.52531283225648,False
06037265100,11.725535610885931,47.3364215402432,False
06037265301,3.116922609092291,8.286452790025848,True
06037265303,2.68897520167314,20.16731401254855,True
06037265304,2.783505154639175,26.288659793814432,True
06037265410,1.1679968853416391,35.03990656024918,False
06037237720,54.41217930645616,45.6723992106005,False
06037237800,60.659980588806214,60.41734066645099,False
06037238000,58.359527904631996,53.733467765850186,False
06037238100,52.77269160345279,68.6633533873921,False
06037238200,59.70606246172688,62.00244947948561,False
06037238310,81.90476190476191,53.523809523809526,False
06037238320,132.74087932647333,74.36856875584658,False
06037238400,44.145603041610926,49.426177568119414,False
06037239320,78.92140743176587,72.34462347911871,False
06037211000,29.42505000967929,151.3841388655869,False
06037211310,16.879649055884034,24.318138470341406,False
06037211410,40.261527873365445,79.1465932553338,False
06037211500,29.37170100459731,108.54759066916397,False
06037211701,14.366096013408356,62.13336525799114,False
06037211910,47.47383169867304,56.12791560207698,False
06037212202,35.30055641703913,41.59445407279029,False
06037212204,52.75400074432453,55.26609601786379,False
06037212304,83.43057176196032,106.18436406067678,False
06037212306,40.787623066104075,44.655414908579466,False
06037212420,46.64759298420202,57.46983455653688,False
06037212610,28.462090408993063,76.77589093518297,False
06037212620,17.757570558462728,57.133053101140945,False
06037212800,31.3713773528533,87.83985658798925,False
06037212900,35.07810359002467,72.34858865442587,False
06037213100,69.47069943289225,152.4102079395085,False
06037224200,54.03011514614703,54.03011514614703,False
06037224320,34.83511379470506,28.14677194612169,False
06037224420,42.29154169166167,43.64127174565087,False
06037224600,88.47624249044239,145.8219552157291,False
06037265420,4.369538077403246,51.81023720349563,False
06037267800,31.83023872679045,150.30946065428824,False
06037267600,48.5006518904824,181.09517601043027,False
06037267700,21.34012470360938,113.81399841925003,False
06037235201,39.181692094313455,39.181692094313455,False
06037235202,72.68170426065163,93.98496240601503,False
06037269800,20.327322005629107,74.11654331283228,False
06037226410,50.983387435554704,34.370822990261594,False
06037227020,32.434011882731085,34.47940001947988,False
06037228100,41.706092146444426,40.39595312613727,False
06037228210,32.872423689016436,31.567962431515788,False
06037228220,30.839268668771567,22.248329539613774,False
06037228310,45.21493800579107,36.30559061548741,False
06037228320,37.133943846231254,29.888296266478818,False
06037228420,23.41893879398122,24.776558434212014,False
06037228710,12.360639844886087,12.845370819195347,False
06037228720,33.55890070432261,36.66620632509322,False
06037269000,7.880547490667772,51.845707175445874,False
06037269100,6.848775879713454,48.177595843501535,False
06037269300,13.81631387831016,57.390842263749896,False
06037269500,6.739329395124386,37.19111406939013,False
06037269700,17.994858611825194,56.55526992287918,False
06037228800,35.68567026194145,34.57627118644068,False
06037228900,29.17189460476788,37.0138017565872,False
06037229100,35.22418727526235,42.489175900785206,False
06037237710,74.77288609364082,49.84859072909387,False
06037239330,44.771413557540725,35.31266421439832,False
06037240700,42.746319066969235,44.64615546994565,False
06037240800,54.45690672963401,98.06670602125148,False
06037241110,25.304592314901594,19.119025304592313,False
06037241120,130.43478260869566,98.94242068155111,False
06037241400,55.728334874338074,60.01512986467176,False
06037262302,8.226691042047532,39.076782449725776,False
06037229200,57.31046931407943,50.09025270758122,False
06037229300,31.804563263424754,24.37197510947223,False
06037229410,57.07153309804597,57.329775329258844,False
06037229420,38.02724557441538,49.82880454578568,False
06037231100,65.69343065693431,77.39226077392262,False
06037231210,32.57745129351645,23.71446822101565,False
06037231220,101.95771339075958,95.84964761158965,False
06037231400,38.57981548783897,33.5476656415991,False
06037231710,37.862449077402346,40.97771387491014,False
06037240010,88.2054748225752,98.34403514700912,False
06037240200,72.59966311061201,47.66984839977541,False
06037240500,83.03230730094123,73.72169931315187,False
06037270200,22.982062780269057,49.88789237668161,False
06037270300,54.92851768246802,85.77878103837472,False
06037271100,18.29268292682927,86.89024390243902,False
06037271200,22.615024694567197,52.24850532882766,False
06037271300,10.043983456968423,65.97518545263573,False
06037271400,5.816326530612245,42.55102040816327,False
06037231800,49.99363948607048,104.37603358351353,False
06037232110,60.91370558375635,43.04959000390473,False
06037232200,27.858703568827384,33.86744355426074,False
06037242700,61.750641070067225,32.85050939081017,False
06037242100,90.21934059870327,138.63981238791555,False
06037243100,55.83788591030365,52.78871807902427,False
06037261200,7.89741847826087,32.608695652173914,False
06037311801,0.0,0.0,True
06037534403,0.0,0.0,True
06037531602,0.0,0.0,True
06037219700,49.94821954911177,83.64534374253167,False
06037221820,18.6409307244844,61.47540983606557,False
06037242000,43.41713529606351,41.18425405226596,False
06037264000,11.091779034362766,62.309699869508485,False
06037267502,15.13317191283293,44.794188861985475,False
06037503000,0.0,0.0,True
06037463800,0.0,0.5011693952555963,True
06037463900,0.0,0.0,True
06037464000,0.0,0.0,True
06037464200,0.0,0.0,True
06037271500,6.705409029950827,66.04827894501565,False
06037272301,6.7285146294219595,28.749107962075648,False
06037272302,12.997140629061606,37.17182219911619,False
06037273100,39.29384965831435,101.13895216400911,False
06037273200,42.44782454899186,91.97028652281571,False
06037273300,27.900797165633303,104.6279893711249,False
06037273600,33.58895705521473,131.13496932515338,False
06037480803,0.0,0.0,True
06037503201,0.0,0.0,True
06037503202,0.0,0.0,True
06037501400,0.0,0.0,True
06037501503,0.0,0.0,True
06037501504,0.0,0.0,True
06037501802,0.0,0.0,True
06037480804,0.0,0.0,True
06037480903,0.0,0.0,True
06037481002,0.0,0.0,True
06037481101,0.0,0.0,True
06037481102,0.0,0.0,True
06037481103,0.0,0.0,True
06037481201,0.0,0.0,True
06037481300,0.0,0.0,True
06037601900,0.0,0.0,True
06037534501,0.0,0.0,True
06037232120,58.67115658593447,39.43789664551224,False
06037502100,0.0,0.0,True
06037502200,0.0,0.0,True
06037502401,0.0,0.0,True
06037502402,0.0,0.0,True
06037481604,0.0,0.0,True
06037481712,0.0,0.0,True
06037481713,0.0,0.0,True
06037481714,0.0,0.0,True
06037481800,0.0,0.0,True
06037481901,0.0,0.0,True
06037481500,0.0,0.0,True
06037481902,0.0,0.0,True
06037482001,0.0,0.0,True
06037576601,0.0,0.0,True
06037294830,39.152542372881356,36.610169491525426,False
06037106603,5.723110465116279,34.883720930232556,False
06037482101,0.0,0.0,True
06037482102,0.0,0.0,True
06037502500,0.0,0.0,True
06037502602,0.0,0.0,True
06037134424,8.210376011423131,26.772965254640646,False
06037500500,0.0,0.0,True
06037500700,0.0,0.0,True
06037500402,0.0,0.0,True
06037500800,0.0,0.0,True
06037500900,0.0,0.0,True
06037480400,0.0,0.0,True
06037480500,0.0,0.0,True
06037113235,0.0,0.0,True
06037553100,0.0,0.0,True
06037553300,0.0,0.0,True
06037553400,0.0,0.0,True
06037553502,0.0,0.0,True
06037553601,0.0,0.0,True
06037553701,0.0,0.0,True
06037554403,0.0,0.0,True
06037554404,0.0,0.0,True
06037554512,0.0,0.0,True
06037554514,0.0,0.0,True
06037602402,0.0,0.0,True
06037602403,0.0,0.0,True
06037602404,0.0,0.0,True
06037531502,0.0,0.0,True
06037531603,0.0,0.0,True
06037531604,0.0,0.0,True
06037531701,0.0,0.0,True
06037531702,0.0,0.0,True
06037531901,0.0,0.0,True
06037531902,0.0,0.0,True
06037532001,0.0,0.0,True
06037532101,0.0,0.0,True
06037532002,0.0,0.0,True
06037532200,0.0,0.0,True
06037553702,0.0,0.0,True
06037553801,0.0,0.0,True
06037553802,0.0,0.0,True
06037553901,0.0,0.0,True
06037554002,0.0,0.0,True
06037554101,0.0,0.0,True
06037554201,0.0,0.0,True
06037554515,0.0,0.0,True
06037554516,0.0,0.0,True
06037554518,0.0,0.0,True
06037554519,0.0,0.0,True
06037554521,0.0,0.0,True
06037554522,0.0,0.0,True
06037554700,0.0,0.0,True
06037554801,0.0,0.0,True
06037554802,0.0,0.0,True
06037620602,0.0,0.0,True
06037620701,0.0,0.0,True
06037620901,0.0,0.0,True
06037621001,0.0,0.0,True
06037621102,0.0,0.0,True
06037532302,0.0,0.0,True
06037532303,0.0,0.0,True
06037532304,0.0,0.0,True
06037532500,0.0,0.0,True
06037541100,0.0,0.0,True
06037541300,0.0,0.0,True
06037541603,0.0,0.0,True
06037541604,0.0,0.0,True
06037554900,0.0,0.0,True
06037555001,0.0,0.0,True
06037555002,0.0,0.0,True
06037555202,0.0,0.0,True
06037555211,0.0,0.0,True
06037555212,0.0,0.0,True
06037570002,0.0,0.0,True
06037650702,0.0,0.0,True
06037651001,0.18669487833717094,0.0,True
06037651002,0.0,0.0,True
06037532605,0.0,0.0,True
06037532700,2.2338049143708116,4.467609828741623,True
06037533104,0.0,0.0,True
06037533201,0.0,0.0,True
06037533300,0.0,0.0,True
06037543304,0.0,0.0,True
06037570003,0.0,0.0,True
06037570100,0.0,0.0,True
06037570202,0.0,0.0,True
06037570203,0.0,0.0,True
06037570204,0.0,0.0,True
06037570303,0.0,0.0,True
06037651101,0.0,0.0,True
06037651102,0.0,0.0,True
06037651201,0.0,0.0,True
06037651222,0.0,0.0,True
06037533401,0.0,0.0,True
06037533601,0.0,0.0,True
06037533602,0.0,0.0,True
06037533702,0.0,0.0,True
06037480902,0.0,0.0,True
06037189600,15.215553677092139,63.96167934629474,False
06037189400,8.661854525263742,66.96279844530817,False
06037181400,17.732884399551068,37.71043771043771,False
06037578100,0.0,0.0,True
06037702900,1.5904432035060436,5.1954477981197424,True
