GEOID,retail_density
06037204920,1.0989349122830152
06037205110,6.969563914385877
06037205120,8.866203532568294
06037206010,13.397859304143394
06037206020,59.29488889916667
06037206050,3.6509119673851864
06037111402,0.0
06037111303,0.0
06037104321,0.0
06037104322,0.0
06037108203,0.0
06037320101,0.0
06037920121,0.0
06037231901,4.085584831040639
06037232402,3.6814784817582744
06037135204,0.0
06037460101,1.0559318290411173
06037132302,0.0
06037135115,0.0
06037132301,0.0
06037134907,0.0
06037119003,0.0
06037111401,0.0
06037103401,0.0
06037207400,67.2107648469159
06037192410,7.311021071824933
06037192510,8.804186097016261
06037192520,0.0
06037192610,9.629087547663984
06037192700,13.17743796721077
06037194500,8.75476587567357
06037195100,10.215150216976175
06037195300,1.7231010995108116
06037137501,0.0
06037137502,0.0
06037195500,3.2916067319940883
06037195600,17.058927220930165
06037195710,6.205912165656482
06037195720,27.68357671811198
06037195802,2.4843239160894757
06037137504,0.0
06037138000,0.0
06037139200,0.0
06037143200,6.2689898149812135
06037201301,5.772412256447496
06037201302,3.0250290906964223
06037201401,2.3446640526267664
06037201402,2.5756838955879564
06037236001,6.090678965465383
06037236102,6.0234795231813605
06037409100,0.0
06037234301,29.76284961427347
06037231601,0.0
06037231603,0.0
06037234001,1.4765770581269324
06037236205,0.0
06037206051,11.679060503780349
06037231301,0.0
06037231302,7.083423843749114
06037532607,3.624104279976552
06037275604,35.473938265027726
06037530007,2.4738498608150223
06037271804,22.93512227287062
06037551002,6.172915715008828
06037502700,2.5915154073509488
06037502901,0.0
06037550801,18.90263880837765
06037502604,0.0
06037276608,2.775626667110767
06037550502,8.00706909814665
06037276102,0.0
06037408707,0.0
06037275312,1.276340476585534
06037275605,26.79738292635667
06037533108,1.5493786991416443
06037276101,3.0644296330345515
06037139301,0.0
06037139302,0.0
06037139502,0.0
06037139600,0.0
06037139701,0.8832889676913506
06037139801,0.0
06037143500,1.6782479762427216
06037181000,2.434071351880795
06037181500,1.8275705465075585
06037181600,13.599619210662102
06037183101,4.132423511423569
06037406103,0.0
06037920339,0.0
06037482521,1.294071212738837
06037183220,0.0
06037183300,0.0
06037183510,0.0
06037183520,0.0
06037183610,10.56404053422353
06037192300,1.1370187141910169
06037195400,5.823292198244277
06037183820,12.959537085335311
06037185202,0.0
06037185310,2.374828715478896
06037405101,0.0
06037185320,1.7980372625242285
06037481603,24.401179797043188
06037481001,10.479703672088167
06037404600,0.04375619259515703
06037800406,0.0
06037800410,0.0
06037800504,0.0
06037800506,0.0
06037186401,3.113606147503978
06037197200,1.3438764923748447
06037197300,3.0569587845531876
06037197410,5.741714705679704
06037197420,17.869413574581245
06037197500,24.068961011721584
06037197600,15.45177115926913
06037197700,7.124841472277242
06037199110,1.1086855534946323
06037187102,4.605592417352645
06037187200,2.1779114047419665
06037187300,7.699915472039041
06037670702,1.492936172499817
06037670201,1.2312377325115504
06037236400,2.9839612085042893
06037237500,5.928929917083916
06037213201,8.956774605752637
06037213202,5.9184905481705945
06037502303,1.715370318432769
06037533204,4.214980885061686
06037703003,10.421815539820269
06037930400,0.0
06037242202,0.0
06037128302,5.8066023972558
06037134306,0.0
06037119320,0.0
06037920326,0.0
06037294520,8.26313114828602
06037573202,16.948134087473942
06037599100,0.0
06037460001,0.9630159502405807
06037554511,2.1443738278316564
06037408503,0.23800672226186356
06037243001,0.0
06037242201,2.4412751268242427
06037533504,0.0
06037403328,0.0
06037131021,0.0
06037113238,0.0
06037113428,0.0
06037113423,0.0
06037119801,0.0
06037980035,0.06403653668637177
06037119004,0.0
06037134906,0.0
06037101222,0.0
06037103201,0.0
06037320102,0.0
06037501301,2.31609885573136
06037408213,0.0
06037213310,22.4294992774497
06037213320,22.47638374251055
06037213401,15.298317185109639
06037214700,18.539086292705207
06037214800,13.863160211343876
06037216100,4.444246922359006
06037216700,8.998030716706001
06037980031,6.199147396343842
06037980033,7.248366902668124
06037980025,2.339499908499559
06037980028,6.749196456244988
06037980022,0.0
06037980030,1.1768048007987209
06037408703,0.0
06037408722,0.0
06037980038,3.7641248786069728
06037980036,0.5079445705487389
06037980039,33.44062199556912
06037980023,0.0
06037910214,0.0
06037910218,0.0
06037910216,0.0
06037532102,1.9918830764634115
06037480201,4.571780878461165
06037430501,1.2765009576948434
06037213402,22.968206897607732
06037214000,17.794684925331524
06037214100,8.12069152199805
06037214400,14.524328249818446
06037216800,1.3516582142973
06037551203,8.301407503642242
06037551001,17.36402521256461
06037550501,1.206815611849481
06037276605,8.41057040488486
06037276607,6.275100401606426
06037550802,3.91978243639565
06037217200,21.761246484198615
06037218110,13.364383250418474
06037218210,2.5741284644551468
06037218220,4.459136473358146
06037218300,1.1218421545651682
06037650607,1.9773787866803767
06037131023,0.0
06037131801,0.0
06037240301,21.325963080492716
06037500100,0.0
06037240302,14.508902662673817
06037502603,1.052029153831911
06037408725,0.0
06037218400,15.22844185628615
06037218500,1.9111140839552416
06037218600,6.96658593167637
06037218900,7.108300646997525
06037219020,2.7529439294145175
06037271702,8.599351895512141
06037531202,2.2355460768401896
06037224410,2.2061857034754047
06037267404,10.546854400674999
06037267300,30.21162078373592
06037218800,9.71715782850674
06037209401,18.547025984383403
06037232701,3.6039152935749397
06037920106,0.0
06037232602,5.645252342779722
06037232601,7.579633524719079
06037273403,22.143980158993777
06037232702,17.631747724953552
06037219500,7.173768398474139
06037219800,13.448874105089503
06037220000,9.261279209045595
06037220100,16.330313246027394
06037221120,0.0
06037221210,2.7871379159454945
06037221220,12.132259830542662
06037232300,3.180858863701788
06037232500,6.513037146456061
06037232800,21.094870665004077
06037234200,7.92836383488163
06037404402,0.0
06037500300,0.7936235297132084
06037403325,0.0
06037670405,1.333753910399746
06037543305,1.579852169586679
06037543321,3.527433911761946
06037543100,3.111027382226009
06037542200,1.5069863888989354
06037540201,0.0
06037240600,8.877538791145543
06037534102,0.0
06037239310,18.696656103055968
06037532800,1.8147667571025432
06037501302,0.8746817251872475
06037273404,9.21489126428308
06037232401,1.755343705074172
06037231902,9.257030714827913
06037234302,10.919861863747423
06037231602,0.0
06037236101,6.322861094645327
06037234002,0.0
06037236206,0.0
06037265701,4.663570056149383
06037216301,69.16389715505836
06037265204,139.4773745080595
06037265203,12.901561088891757
06037552700,1.4540854347897212
06037552800,0.7729450675669931
06037553000,4.722710016946658
06037601502,4.074996230628487
06037601600,1.0959576697309643
06037602002,3.7655422757431296
06037602003,0.0
06037602103,1.1963153487259242
06037602104,1.3445197375497473
06037530700,2.8366970256286117
06037530801,3.9006022529878615
06037530802,3.5315098970564867
06037530901,6.754626919439817
06037531000,11.001320158419011
06037531102,2.006513141657821
06037531201,10.803725124422902
06037531301,0.0
06037531302,2.235718509625327
06037541401,1.742512424113584
06037207711,34.584773765143446
06037402503,0.0
06037433506,8.013052646372275
06037209202,8.229843056892905
06037980017,2.9241964725835694
06037602801,2.3928635238265397
06037577800,1.1810663257321874
06037551204,1.4742760935811494
06037980037,0.7822265609722138
06037536201,0.0
06037406300,0.0
06037462900,5.970717044733891
06037542105,0.0
06037543000,5.334731541066763
06037602302,2.5673387274831554
06037602301,2.239185294822332
06037541200,0.47458907704763836
06037602700,1.6184896254815007
06037503103,0.9213354573186743
06037540800,1.008614577103037
06037602106,1.219704075397227
06037602105,0.0
06037503502,0.8174596297561846
06037601700,1.3191759371755651
06037542106,3.5952298490362984
06037503402,0.6182808330468632
06037601801,10.27278349286966
06037502005,0.9592620588833423
06037601402,4.0679014103414195
06037501900,0.0
06037462500,4.540145202098373
06037501600,0.0
06037501002,0.678870956135432
06037408629,0.0
06037504200,2.3330906919013756
06037601802,0.0
06037601202,3.056846648702598
06037408628,0.0
06037408626,0.0
06037501501,0.0
06037501200,2.13364285378999
06037408141,0.0
06037408135,0.0
06037408137,0.0
06037500403,3.000426060500591
06037530202,5.01420691960555
06037530302,0.0
06037530301,5.134770612680829
06037409000,0.0
06037408301,0.3811277723234159
06037702202,5.930635289652228
06037702300,9.259655795444944
06037408302,1.014833139443824
06037530500,6.662010661437728
06037530400,5.877332239714179
06037408004,0.0
06037407601,0.0
06037408003,0.0
06037434004,1.4611274351515116
06037433804,1.9825613900134418
06037482002,5.626114171538614
06037407902,0.0
06037482522,3.6543630353870244
06037407501,0.0
06037434100,2.4060806470111262
06037434003,0.0
06037406602,0.0
06037402404,0.0
06037402403,0.0
06037403500,0.0
06037800202,0.0
06037406101,0.0
06037980016,6.641281526395078
06037113239,0.0
06037113427,0.0
06037226702,7.377913968604517
06037800338,0.0
06037143402,3.177876892227072
06037141305,10.127241556412352
06037128703,11.120185731813244
06037800205,0.0
06037406000,0.0
06037297002,0.0
06037297001,1.4612363228280185
06037403326,0.0
06037405701,0.0
06037670604,1.0632987548578252
06037403305,0.0
06037670603,2.051587159115971
06037405800,0.0
06037480202,5.940382323006309
06037577605,5.902157960109282
06037901007,0.0
06037901101,0.0
06037901102,0.0
06037276601,9.854833818385268
06037277000,1.7399519947244657
06037480102,1.6281368090797932
06037404501,0.0
06037480012,4.677009613593261
06037480002,5.699024540712051
06037431200,0.0
06037431800,6.608681604734754
06037431300,1.2244413180376124
06037430802,9.686616432591375
06037920040,0.0
06037431100,1.6627099711719344
06037800101,0.0
06037430724,8.622756143282615
06037430902,10.187907463236511
06037800328,0.0
06037670500,0.5164694355970361
06037670701,4.162037844716449
06037700200,22.890137355130467
06037700300,21.411618603073062
06037920030,0.0
06037271600,11.097362711751552
06037400209,0.0
06037577606,9.501885260416442
06037900901,0.0
06037900902,0.0
06037135116,0.0
06037137202,0.0
06037276606,9.221349267824868
06037269908,65.69046652174951
06037206303,27.599467330280525
06037267503,35.434246693225475
06037267406,42.597904183114196
06037206053,7.142857142857142
06037670417,26.214549767580813
06037670101,2.7246471581930143
06037670418,7.91371518064242
06037980011,1.518834689273002
06037578000,1.1283198696564887
06037571202,1.526043069513551
06037555107,0.0
06037480101,8.796467338716772
06037555105,1.8173194175127803
06037650606,6.818026863025841
06037292002,15.015626977504445
06037570703,3.226729365603495
06037650801,4.0501844859033325
06037461300,4.6186081670335035
06037620703,8.658923280207953
06037620704,6.689652312010736
06037570503,11.132923394354123
06037570306,2.146300421962663
06037543203,4.1086063525080165
06037620801,10.889897274761323
06037620802,8.550204077825512
06037604102,7.498289452718598
06037901300,0.0
06037570305,0.0
06037621005,17.41782487944688
06037570504,2.111945799023014
06037604101,10.410853939883566
06037920028,0.0
06037920035,0.0
06037670102,1.8198295911570839
06037543704,2.9882368058139135
06037543605,1.0455876202425762
06037573101,15.18729734450106
06037573102,16.29864330093163
06037543705,3.095088867739115
06037577700,1.709278991935622
06037543607,1.5098065711311395
06037141306,3.338262834786034
06037128704,12.005363996633697
06037301901,2.193574143902851
06037139506,0.0
06037650904,6.418430308683709
06037571201,3.8309714117589366
06037293204,6.6332351614529435
06037555106,5.669982094196547
06037603007,0.0
06037602202,10.08515908329938
06037275313,4.123741099162571
06037297501,1.7665488084186651
06037297502,1.0402136182686477
06037261104,0.0
06037543606,1.4925974628828325
06037293206,11.994290717618414
06037650903,8.501762698799551
06037577900,4.645213136895012
06037543803,3.970023674574513
06037293203,10.792492742048632
06037910213,0.0
06037920038,0.0
06037115204,0.0
06037113324,0.0
06037113323,0.0
06037104823,0.0
06037111304,0.0
06037103202,0.0
06037101221,0.0
06037103402,0.0
06037910607,0.0
06037910717,0.0
06037910608,0.0
06037910718,0.0
06037911100,0.0
06037910405,0.0
06037910215,0.0
06037910212,0.0
06037901214,0.0
06037901014,0.0
06037901216,0.0
06037901012,0.0
06037900509,0.0
06037900611,0.0
06037900510,0.0
06037920041,0.0
06037125102,0.0
06037920109,0.0
06037125404,21.791144950337983
06037460002,1.2768041082448987
06037137203,0.0
06037125101,6.155891804045652
06037125403,5.9406764054155206
06037125321,0.0
06037125322,16.076567331343412
06037310705,39.501562107228786
06037139505,0.0
06037133101,0.0
06037310704,20.193086291115648
06037133102,0.0
06037131024,0.0
06037135205,0.0
06037134801,0.0
06037134802,0.0
06037131802,0.0
06037300602,0.0
06037131022,0.0
06037113424,0.0
06037119802,0.0
06037293205,3.146920266481208
06037650802,5.477051155657794
06037571505,0.0
06037543804,0.0
06037292001,4.532549655497897
06037603902,2.6618611200579223
06037541003,3.802806934468047
06037603008,0.0
06037603705,0.0
06037541402,0.0
06037503704,0.0
06037602602,1.5812476676596903
06037551801,7.888827141772742
06037602511,0.0
06037536202,5.407884262624165
06037703200,2.8483888088702627
06037800325,0.0
06037900607,0.0
06037900703,0.0
06037900705,0.0
06037920039,0.0
06037920110,0.0
06037900501,0.0
06037900504,0.0
06037800412,0.0
06037224702,40.448370183483924
06037403327,0.0
06037270102,76.40508959770173
06037271703,19.853481307947348
06037407802,0.0
06037269909,23.543537887438347
06037271704,5.51731240678041
06037910301,0.0
06037910302,0.0
06037910401,0.0
06037920111,0.0
06037920112,0.0
06037920200,0.0
06037920313,0.0
06037920322,0.0
06037206301,59.064564952563764
06037207901,103.30426056286065
06037264306,5.607848745103647
06037206202,52.92503433511603
06037267202,12.154740261882562
06037207712,125.22251549935547
06037207308,239.57834211787252
06037206052,20.930550231117337
06037206302,43.08302098143122
06037206201,79.66738865237632
06037402504,0.0
06037271803,13.123646623941907
06037216901,4.266375415438306
06037207305,113.4278894521926
06037265524,18.635811973975088
06037203601,0.0
06037207306,74.36188209923594
06037264304,24.544575403390095
06037530603,3.233323929749571
06037206054,7.555418998352919
06037267101,16.51548119918909
06037203602,0.0
06037270101,69.42367667791686
06037407202,0.0
06037226701,2.6588107671200825
06037224701,12.739448551737024
06037800411,0.0
06037482404,2.1300071142237615
06037482801,0.9477942300814725
06037267201,25.00591806727592
06037267405,9.359483730877406
06037407901,0.0
06037207303,129.9317575812356
06037207902,57.161148710444486
06037267504,15.606589101918832
06037433803,3.3646639625983954
06037407201,0.0
06037407502,0.0
06037264305,5.200818460230828
06037403409,0.0
06037461200,4.88641328713501
06037503501,1.2978619023021474
06037503104,3.6942628098562933
06037601501,8.454461102081277
06037500204,0.0
06037482403,2.0795641233597437
06037405702,0.0
06037431400,1.2541992157492303
06037404503,0.0
06037920328,0.0
06037920329,0.0
06037920330,0.0
06037920334,0.0
06037141500,0.3053286878591238
06037209201,17.83803068141277
06037264303,27.719387401538423
06037217102,7.969476903459749
06037265523,20.68105674291083
06037433903,2.1984013225582357
06037216902,7.665067222639542
06037216202,5.969638419000962
06037265522,31.686431078051605
06037216302,28.20938131184907
06037406801,0.0
06037209105,12.015331563074485
06037406903,0.0
06037208001,6.944733808353125
06037406413,0.0
06037433505,14.375383071287525
06037216201,8.660276825748735
06037402601,0.0
06037265307,41.365997150342416
06037214505,0.0
06037199801,0.0
06037265702,5.327849200556227
06037265306,10.724320614289086
06037404806,0.0
06037214504,0.0
06037433103,10.860470110258456
06037402602,0.0
06037199802,3.2656046920208217
06037208002,5.060933641038099
06037211124,20.25096002207355
06037199002,3.8977176524514308
06037214903,7.327241952856526
06037214904,0.0
06037406201,0.0
06037403601,0.0
06037800104,0.0
06037217101,0.0
06037207304,178.8659896257726
06037192420,15.38911374093966
06037221302,8.655292170206321
06037231500,0.0
06037430723,16.447571310501363
06037432901,4.406532596443576
06037700400,28.11680480630181
06037900804,0.0
06037900805,0.0
06037900806,0.0
06037301100,0.0
06037301204,2.4455139492115663
06037301300,0.0
06037302102,3.862431767728803
06037302104,15.805445502823906
06037302201,20.094080484829973
06037302301,4.282276229655619
06037700600,7.2146644213223246
06037910502,0.0
06037302302,12.637531890021878
06037920042,0.0
06037700700,9.630102113070993
06037267102,6.456153036651581
06037209106,31.584884376762552
06037207307,122.7973230183582
06037481403,6.169853601713738
06037404804,0.0
06037481404,5.857784702981027
06037432502,0.0
06037401706,0.0
06037432001,1.3690659547523703
06037432002,0.6623990503847215
06037190702,4.9998250061247855
06037401707,0.0
06037189801,9.738544428457
06037190701,18.078810052722332
06037190101,44.56923831171725
06037189802,3.1348060652227754
06037800103,0.0
06037481203,0.6421568249711671
06037189906,0.0
06037189907,12.326428478980358
06037190302,4.169533220755937
06037408900,0.0
06037185101,0.0
06037310300,21.673720049039147
06037310400,2.1325720525010805
06037900704,0.0
06037910815,0.0
06037480602,0.612964067433403
06037404805,0.0
06037401802,0.0
06037464102,1.2973937953439132
06037464101,8.498645095636512
06037401705,0.0
06037480601,8.491643515144139
06037431701,2.1300771148774933
06037404203,0.0
06037211123,17.438616071428573
06037265521,22.902511642110085
06037199001,0.0
06037432501,1.873595974016971
06037185102,0.0
06037190102,13.289637006854795
06037401801,0.0
06037300503,0.0
06037300601,0.0
06037113426,0.0
06037113425,0.0
06037460601,0.0
06037603901,10.874470549215136
06037554106,1.364163426778528
06037553202,9.71604848308193
06037553201,2.8929772014110013
06037602512,0.0
06037551802,3.7762318304245337
06037503705,0.0
06037602601,0.0
06037553902,3.7885676183548522
06037570304,5.49483760007473
06037620303,8.63481800394093
06037403801,0.0
06037408134,0.0
06037980034,4.245508644956288
06037602510,0.0
06037604200,6.367743558231423
06037555300,2.3353709444823942
06037980012,3.286277491080495
06037602201,1.858798249755568
06037550301,8.199026964707604
06037602513,2.237991357996371
06037550101,1.392534621892037
06037240901,14.496030986715837
06037408212,0.0
06037108204,0.0
06037603706,0.0
06037243002,2.5524398772786907
06037240902,1.4030853847610896
06037500203,0.0
06037920047,0.0
06037920046,0.0
06037920049,0.0
06037920343,0.0
06037920342,0.0
06037920341,0.0
06037920048,0.0
06037920340,0.0
06037115203,0.0
06037603703,7.669240975220683
06037460800,0.44798458455178913
06037106112,0.0
06037106113,0.0
06037106114,0.0
06037106403,0.0
06037101300,0.0
06037103101,0.0
06037103102,0.0
06037104103,0.0
06037104105,0.0
06037106510,0.0
06037106520,0.0
06037106604,0.0
06037106641,0.0
06037910605,0.0
06037910714,0.0
06037911001,0.0
06037570403,3.4931630067051263
06037920114,0.0
06037402801,0.0
06037403901,0.0
06037403902,0.0
06037404000,0.0
06037404100,0.0
06037404301,0.0
06037404302,0.0
06037404401,0.0
06037431600,1.4094075132695718
06037113232,0.0
06037113234,0.0
06037402902,0.0
06037403000,0.0
06037404702,0.0
06037404703,0.0
06037900807,0.0
06037910211,0.0
06037900301,0.0
06037900610,0.0
06037901215,0.0
06037910720,0.0
06037261103,0.4807505092349769
06037400208,0.0
06037104824,0.0
06037910814,0.0
06037920050,0.0
06037910721,0.0
06037910719,0.0
06037901217,0.0
06037910217,0.0
06037901013,0.0
06037901218,0.0
06037900808,0.0
06037920120,0.0
06037800335,0.0
06037139704,0.0
06037430004,0.0
06037800337,0.0
06037404903,0.0
06037143606,17.323741754981658
06037400605,0.0
06037189703,2.6262047303856155
06037463103,2.4577069594068734
06037143801,4.890313755544393
06037189704,1.0508053897910052
06037430005,0.0
06037800336,0.0
06037143802,0.8585658687441671
06037400801,0.0
06037139705,0.32856811003351727
06037143605,9.554018420147514
06037189501,0.0
06037189502,4.011279718568615
06037190303,12.230470995438035
06037800324,0.0
06037431004,4.4128143716538455
06037143302,0.9707295906530389
06037143101,6.04878801190704
06037311601,8.21093180000047
06037800334,0.0
06037431003,1.1705887241870554
06037800333,0.0
06037143401,0.0
06037311602,46.1837297436803
06037143102,2.556217615918078
06037301902,15.760118390009346
06037800206,0.0
06037143301,0.0
06037462600,0.0
06037117405,0.0
06037117301,0.0
06037103300,0.0
06037910807,0.0
06037920331,0.0
06037920332,0.0
06037405001,0.0
06037405002,0.0
06037405102,0.0
06037405201,0.0
06037405202,0.0
06037405203,0.0
06037408401,0.0
06037431900,2.0016874224971652
06037432101,1.723212447108148
06037432102,3.207758498555172
06037432201,1.6449099905253184
06037432202,6.062080248302807
06037460900,11.496357707527732
06037461000,3.3931527308941467
06037461100,1.5386493325852078
06037400402,0.0
06037403316,0.0
06037403318,0.0
06037403319,0.0
06037403320,0.0
06037405400,0.0
06037405500,0.0
06037408624,0.0
06037408625,0.0
06037432300,6.622573909198398
06037432401,2.8977723857746422
06037432402,1.3380593589892835
06037432601,4.982678075575837
06037461400,1.9670441424376006
06037461600,3.009180407587468
06037901003,0.0
06037576401,3.086229245108327
06037570502,2.5027204571369075
06037542501,3.463275427368188
06037461700,4.120265986059767
06037403321,0.0
06037405600,0.0
06037408303,3.256225903928311
06037408627,0.0
06037405900,0.0
06037117530,0.0
06037119310,0.0
06037221602,3.8255986105425848
06037234902,4.467097592681108
06037236203,2.9468969175458244
06037236204,0.0
06037237101,6.35991725747648
06037237202,15.342378718496231
06037119340,0.0
06037408705,0.0
06037432602,0.9394169978111585
06037432700,14.241978890100675
06037432801,1.2634302637031647
06037432802,3.374234681396326
06037432902,5.513074255597148
06037237401,1.9375676937713011
06037237402,17.26684956736949
06037239202,4.70358773994177
06037239501,0.0
06037239502,0.0
06037239602,27.926252352786758
06037239701,4.881763683583605
06037214902,9.858219093004411
06037234501,6.650704974727321
06037234502,7.3414027585320865
06037265201,11.394193518982727
06037275101,0.0
06037119700,0.0
06037119900,0.0
06037120020,0.0
06037120030,0.0
06037462100,8.621358553680889
06037462400,4.59598601901053
06037295103,0.9723781403559779
06037102103,0.0
06037533001,39.775998325221124
06037536104,6.108835004439087
06037600304,0.0
06037910715,0.0
06037104201,0.0
06037910716,0.0
06037104310,0.0
06037104401,0.0
06037124700,5.194354182234269
06037602802,1.497804219014924
06037603006,0.0
06037603801,15.001140086646586
06037700101,5.933987357639935
06037700501,105.41621836885972
06037700502,142.84637269412227
06037700801,41.93114219056535
06037700802,17.509608397608186
06037701402,0.0
06037104500,0.0
06037104610,0.0
06037104620,0.0
06037104701,0.0
06037125200,0.7673124880107424
06037106642,0.0
06037106643,0.0
06037107010,0.0
06037107020,0.0
06037108101,0.0
06037108102,0.0
06037980018,2.9770559649984825
06037600303,0.0
06037602505,9.270933768449158
06037602506,3.0800884601405754
06037106010,0.0
06037123104,1.2792696905190766
06037123204,6.168898265614252
06037123206,3.3175803559431967
06037123301,0.7671741523684584
06037123303,0.0
06037125310,13.28293408628594
06037125600,0.0
06037127210,0.0
06037127220,0.0
06037127300,0.0
06037127400,0.0
06037602507,9.298663782014525
06037240402,8.315330642492338
06037241001,13.272779961641666
06037533805,0.0
06037402405,0.0
06037402705,0.0
06037402706,0.0
06037402803,0.0
06037402804,0.0
06037402903,0.0
06037104108,0.0
06037106406,0.0
06037109100,0.0
06037109200,0.0
06037109300,0.0
06037109400,0.0
06037109500,0.0
06037109601,0.0
06037127520,0.0
06037106646,0.0
06037407801,0.0
06037408005,0.0
06037408140,0.0
06037406701,0.0
06037108104,0.0
06037111100,0.0
06037111201,0.0
06037111202,0.0
06037111204,0.0
06037111302,0.0
06037127920,1.5415113593972074
06037128210,7.273348813444057
06037128303,24.157857101443675
06037128400,7.566356950455495
06037128500,8.215306759554402
06037123304,0.0
06037408504,0.0
06037109800,0.0
06037123510,5.0741523945559415
06037123520,1.991520107382764
06037123601,12.631080701968985
06037123700,4.200101222439461
06037123800,0.7751727666303627
06037401001,0.0
06037401002,0.0
06037401101,0.0
06037401102,0.0
06037113211,0.0
06037113212,0.0
06037128910,4.6224178018554385
06037131100,0.0
06037131200,0.0
06037403323,0.0
06037403324,0.0
06037241202,11.175758576105196
06037406500,0.0
06037406601,0.0
06037262501,0.0
06037264103,8.6759238774439
06037239702,12.338747987241735
06037239802,6.563327081764289
06037265601,3.209762814576817
06037461501,1.991900930815305
06037650605,2.065322004353699
06037900508,0.0
06037901008,0.0
06037106649,0.0
06037108202,0.0
06037102104,0.0
06037113237,0.0
06037408505,0.0
06037408631,0.0
06037190401,17.97171252448646
06037190402,31.81754546727247
06037190801,9.253746996387953
06037207501,52.111638017673286
06037208501,4.111520892693417
06037185203,5.473403818611398
06037433200,7.832755014921398
06037433302,3.511889501908712
06037433403,4.244620297491288
06037185204,1.0377308562005976
06037211121,23.37267734018932
06037211202,0.0
06037577604,6.904273400020943
06037462700,10.145916179215076
06037462800,8.878692204153097
06037463000,6.60490711574164
06037910505,0.0
06037291120,1.4255838122106956
06037480702,2.7573681472508125
06037480703,6.172540132533254
06037267902,3.85568430685078
06037269601,11.988395233414055
06037269903,31.70968026072404
06037269905,75.62167317153096
06037271902,25.968377008897413
06037272201,19.230547339838388
06037272202,9.690548485044253
06037535902,0.0
06037601303,2.2807669763187968
06037532606,3.5869678284855464
06037271801,39.589271724091944
06037221810,6.571683928289785
06037203200,1.938052102592726
06037262400,0.08874112111805293
06037209402,29.361892667601357
06037212305,0.0
06037433602,1.0336718608677675
06037480704,16.831726682681744
06037480802,18.59627202859177
06037211804,0.0
06037212101,10.765653259839807
06037212102,86.54324638141051
06037214503,8.609037767848688
06037234901,0.0
06037239801,0.0
06037553504,6.268639407488203
06037554105,2.965739774129259
06037554203,0.0
06037554204,1.516626779382369
06037554301,2.960357848056673
06037554302,1.3906658508093674
06037480901,10.510759864873672
06037261102,0.0
06037191204,59.676256309520845
06037143901,1.1359501333037483
06037139802,0.0
06037460700,0.6723478265079048
06037123010,0.0
06037134720,0.0
06037920034,0.0
06037910808,0.0
06037224310,5.531218195495375
06037113231,0.0
06037300800,1.9685481776739406
06037143602,5.2322554596405615
06037430901,7.72907695927807
06037186100,0.0
06037301206,2.41421975435314
06037542103,0.0
06037293307,0.0
06037209810,33.3713767027745
06037117404,0.0
06037123203,3.4263648496082806
06037237600,9.925775054145102
06037204410,47.1575770436915
06037296220,5.593195691002039
06037228500,6.6830624465355
06037183810,13.188668296199905
06037460501,0.5369093644644122
06037920314,0.0
06037575803,15.030888475817806
06037621201,20.118430494175715
06037131400,0.0
06037131600,0.0
06037131900,0.0
06037554405,5.225206395652628
06037262303,0.7650219714310195
06037191410,12.845833935481798
06037541606,5.839245569472425
06037234800,6.114431587153579
06037500600,5.081309419562025
06037141600,0.25606214320941123
06037302103,7.263390514375159
06037570601,10.25050964252629
06037980021,0.0
06037211802,21.51092755119601
06037262100,1.1435482380666167
06037191720,7.566385575442539
06037194300,0.0
06037122420,0.0
06037128220,0.0
06037189903,35.72789634146341
06037194101,1.5730975155284388
06037111205,0.0
06037265602,8.931149766450433
06037115403,0.0
06037297201,2.4754803669652095
06037603802,1.5852432872873
06037125502,1.9123603498854496
06037127103,0.0
06037127603,0.0
06037127711,6.279875197946899
06037127803,9.362784492107952
06037127806,17.56540551934317
06037128101,3.082158003747904
06037128601,10.26578107195286
06037128602,1.7631289191050006
06037128802,5.148434515516867
06037131702,0.0
06037132002,0.0
06037132101,1.2337712810123833
06037273502,8.4303242134086
06037273902,15.47915731467579
06037275102,4.916976845956032
06037275603,11.046683283556309
06037461502,11.086786511986096
06037461901,12.517496045609203
06037461902,73.02511944395562
06037462002,5.864701340084257
06037462201,20.49012376034751
06037462202,42.234337220065534
06037462301,0.0
06037231720,16.94057458193838
06037403317,0.0
06037212410,31.808436869795344
06037127102,0.0
06037482201,11.638507943281672
06037482202,9.275462690997236
06037482301,1.1446847137658638
06037482303,4.0700413414449255
06037462302,19.97238105020486
06037463602,18.32690454270061
06037554513,1.7638239703677574
06037262200,0.46682589319840506
06037297110,6.15411125402325
06037400603,0.0
06037402200,0.0
06037403802,0.0
06037408623,0.0
06037430801,11.73299229435731
06037482304,8.071741639693597
06037482401,10.726212240753409
06037554406,1.812717299486276
06037701902,45.256781952265825
06037702102,25.860814938930762
06037431501,0.9726453229377001
06037431502,1.1807888023436295
06037433304,6.331855056239537
06037433305,3.9069215021331787
06037433306,0.0
06037482503,1.3704675212902129
06037433402,1.7924616233966428
06037480011,3.6655346273892415
06037481711,0.0
06037501700,1.4364926595225098
06037531101,8.576427403400839
06037533105,5.238591657018927
06037533701,0.0
06037541500,0.0
06037552601,0.0
06037554517,6.808536391627013
06037117302,0.0
06037117303,0.0
06037117520,0.0
06037482600,8.105086125750413
06037482701,20.33538747860717
06037572500,3.3743599261015174
06037132102,1.4582637619996879
06037132501,0.0
06037132502,0.0
06037134002,0.0
06037134423,0.0
06037134904,0.0
06037137104,0.0
06037139001,0.0
06037139402,0.0
06037480303,0.0
06037910210,0.0
06037910712,0.0
06037910713,0.0
06037920045,0.0
06037980001,3.4555414358292995
06037980002,3.693152776571348
06037980004,0.0
06037575103,14.579445481205012
06037575202,4.949355717619459
06037601002,12.633241215949468
06037603102,6.704650748037883
06037620521,6.209126484563335
06037900701,0.0
06037910709,0.0
06037910810,0.0
06037920043,0.0
06037920104,0.0
06037920303,0.0
06037433307,0.0
06037269907,93.9326719509816
06037120300,0.0
06037120400,0.0
06037121010,0.0
06037121020,0.0
06037293306,0.0
06037570404,3.6732115133141674
06037571504,0.6615187279259469
06037121210,0.0
06037121600,0.0
06037124000,2.249855446787544
06037124102,3.080653036830747
06037124201,2.0563501635312464
06037124300,0.0
06037124400,1.0401032614517969
06037124600,11.60685268582571
06037482702,2.78454577097111
06037500202,1.2607280073878662
06037141102,3.914496947997213
06037141201,20.19849348093623
06037141202,4.284643124933052
06037141304,1.4040290016230577
06037143603,12.207751515287157
06037183221,0.0
06037183222,0.0
06037183401,4.120890442006709
06037910606,0.0
06037121900,0.0
06037122000,0.0
06037122120,0.0
06037122200,0.0
06037123020,0.0
06037123103,0.0
06037980005,0.7404299429868944
06037101110,0.0
06037101220,0.0
06037113301,0.0
06037113303,0.0
06037113322,0.0
06037106020,0.0
06037106111,0.0
06037115101,0.0
06037115202,0.0
06037115301,0.0
06037115401,0.0
06037137000,0.0
06037275500,6.561387024725931
06037462001,1.9542433462899667
06037463601,19.393605066471583
06037920116,0.0
06037920119,0.0
06037920338,0.0
06037221601,2.7034479775505678
06037222001,4.216758240599792
06037237201,4.411057639290173
06037239201,24.45156256599143
06037239601,30.784604855916207
06037980019,0.0
06037132700,0.0
06037132900,0.0
06037133000,0.0
06037134103,0.0
06037134104,0.0
06037134201,0.0
06037141303,0.0
06037186202,4.898862973903757
06037188202,1.3162657540557439
06037189905,50.31621807823011
06037602504,3.110903717529942
06037241002,0.0
06037262604,0.0
06037262802,0.0
06037267403,25.616503859553248
06037980003,0.0
06037980007,6.661739754972884
06037980009,1.5315807646091506
06037296901,1.6198844050488557
06037123902,4.515277441222376
06037134522,0.0
06037192001,7.536093176256031
06037211122,19.148860506022316
06037104822,0.0
06037650604,3.8804058904561414
06037901210,0.0
06037269602,30.971365252192946
06037271901,6.2778481419923695
06037302003,4.216153771560356
06037115103,0.0
06037127605,0.0
06037400404,0.0
06037117102,0.0
06037119341,0.0
06037120106,0.0
06037122121,0.0
06037124204,3.083079750023894
06037128801,2.032016451205189
06037139504,0.0
06037191902,4.130518889551302
06037194102,1.1426870457283358
06037195803,2.6497647008945604
06037102105,0.0
06037104124,0.0
06037104821,0.0
06037106408,0.0
06037115104,0.0
06037119201,0.0
06037125501,2.154731251144701
06037800204,0.0
06037571703,0.0
06037901209,0.0
06037134422,0.0
06037134520,0.0
06037134901,0.0
06037135102,0.0
06037135111,0.0
06037910404,0.0
06037910602,0.0
06037135202,0.0
06037910707,0.0
06037533402,2.0591978188976703
06037533501,0.0
06037576503,0.0
06037920015,0.0
06037920016,0.0
06037920017,0.0
06037920018,0.0
06037134710,0.0
06037700901,18.032399476490973
06037700902,19.907232297493678
06037701000,14.059378378644366
06037701201,2.574670596643865
06037701202,17.295951017866717
06037702400,29.25988631020726
06037900602,0.0
06037134302,0.0
06037134303,0.0
06037134304,0.0
06037134421,0.0
06037920029,0.0
06037920031,0.0
06037701302,2.192549716064812
06037701501,14.575536096315142
06037701502,42.609399633559164
06037701601,13.968878981027798
06037701602,21.194844202755938
06037701701,27.416163656219585
06037702501,20.990307725407792
06037702502,10.002850812481556
06037702600,5.546993668106728
06037702700,23.144622533604498
06037702802,11.474563351883878
06037702803,31.873412969645887
06037900606,0.0
06037701702,60.956422747619
06037701801,15.824570916759592
06037701802,20.019619226842305
06037702201,22.422939830117166
06037703002,4.27256394426013
06037703100,3.756301665581722
06037402304,0.0
06037208301,10.757893604432253
06037219901,13.336102162163192
06037551401,0.0
06037651401,0.9943402154934115
06037670324,5.268930423984508
06037407602,0.0
06037189904,31.328320802005013
06037190201,26.448962319045016
06037188100,1.9122707545916011
06037188300,14.354172647571936
06037189300,1.5731226747280465
06037199120,4.241187871899162
06037199201,7.591246786372194
06037199202,1.047751263849962
06037199300,0.3920735279011284
06037199400,10.448229025180233
06037199700,10.671037523636349
06037199900,0.0
06037201110,0.9862788881086327
06037127104,0.0
06037127804,3.1341428824398676
06037128102,0.0
06037132001,0.0
06037134001,0.0
06037208802,4.72824416652876
06037211921,43.166243997194194
06037215102,7.7596976821783015
06037217002,10.3715746254241
06037221303,0.0
06037920102,0.0
06037920115,0.0
06037201120,2.5244014959603263
06037201501,5.625917024474989
06037201503,0.0
06037201504,0.0
06037201700,18.291794242097208
06037203100,4.56310546705666
06037203300,12.73574534944204
06037203500,4.279557836084376
06037203710,3.5451941348308234
06037203720,15.574286230462059
06037575801,0.0
06037651221,4.308908524744625
06037554600,10.430494974397876
06037620201,21.778616012509637
06037189201,9.210873743483306
06037211803,0.0
06037211922,10.76507379458086
06037212501,0.0
06037241201,8.232180416466008
06037702002,49.27516236165998
06037267901,38.4052702748567
06037269906,28.846985970749156
06037203900,6.689321167687903
06037204110,1.6562159440596502
06037204120,0.0
06037204300,1.55404019369557
06037204600,8.862482629534046
06037204700,2.9671829565010976
06037204810,1.2985562651444125
06037204820,3.1235943825278625
06037204910,0.0
06037137301,0.0
06037137302,0.0
06037137401,0.0
06037141400,3.5310894773029133
06037535001,0.0
06037603005,0.0
06037604001,21.24363260047859
06037104203,0.0
06037102107,0.0
06037620904,13.884598162373434
06037650003,3.9374729298736075
06037203800,4.10348159896264
06037208610,14.280369347472803
06037208620,21.58288908553299
06037208903,12.555873637687709
06037209300,29.381519024533567
06037209510,5.479932487231757
06037210010,2.445143212037929
06037190510,18.844635403416532
06037190520,8.198065256599442
06037190902,4.106852077348452
06037191000,13.873816101026048
06037191110,10.999043083251756
06037191120,10.535770256993775
06037191201,26.21057928874972
06037191420,17.60733873878633
06037191500,17.15041223354496
06037191610,7.178321469163127
06037191620,8.739348918505572
06037191710,9.924770241568908
06037191820,9.883009870656108
06037137402,0.0
06037272100,16.676491899810973
06037403403,0.0
06037407302,0.0
06037530902,3.8235069205475263
06037221110,21.346539725910432
06037212303,25.698848049136195
06037201200,2.2682423390115
06037191203,97.4620872480605
06037135201,0.0
06037119400,0.0
06037113213,0.0
06037296600,7.126339306393395
06037575300,4.6291652843464774
06037554001,4.61792234132357
06037920013,0.0
06037920312,0.0
06037535501,0.0
06037237300,0.0
06037408402,0.2593304726877036
06037227010,5.179575896325609
06037219300,9.205122343746883
06037204420,43.03809202206199
06037404701,0.0
06037211320,48.31644047414534
06037262301,0.4595679754651977
06037218120,2.246115904072882
06037209403,14.472303628930133
06037208902,81.50003531668197
06037212203,28.218827601775903
06037433901,0.0
06037194200,1.9207011634839366
06037404901,0.0
06037183620,0.0
06037139303,0.0
06037123410,0.0
06037120010,0.0
06037117510,0.0
06037576501,6.864053978920491
06037294810,0.0
06037573002,0.0
06037400205,0.0
06037552900,0.7633622749417173
06037242300,1.5872058510756495
06037535503,0.0
06037534201,3.8986810761919246
06037541700,1.4261439278713448
06037533603,2.470758572296867
06037980015,0.0
06037262601,0.0
06037300100,0.0
06037300501,0.0
06037310701,54.33316709971495
06037310100,0.6892074252451167
06037300200,0.0
06037300400,0.0
06037300701,0.2247327029231432
06037300902,0.45538968492270787
06037320300,0.0
06037301400,2.530397987321441
06037301501,1.6555140205482402
06037301502,2.9588556329953826
06037301601,6.6445035559168195
06037301701,7.65796466615103
06037301602,6.088372730178541
06037301702,3.6186214258574623
06037302002,13.922258110709796
06037310703,13.068780994373387
06037310900,6.442726690790076
06037311000,11.348007062999596
06037311100,5.86566684420085
06037311200,2.0222774079257095
06037311300,12.27631530488229
06037311400,0.0
06037237900,4.082557477306083
06037534700,0.0
06037228600,7.590665758316998
06037222600,7.669440959109608
06037407101,0.0
06037482502,4.682641759174856
06037208904,53.52077498082172
06037302202,5.864586693252793
06037139703,0.0
06037430502,2.378603712048953
06037300702,0.0
06037123602,3.233622778501151
06037122410,0.0
06037131300,0.0
06037115302,0.0
06037109700,0.0
06037910501,0.0
06037576402,9.24644551223767
06037543903,2.2361859612245354
06037571102,0.0
06037543701,0.0
06037241300,1.9152465113784796
06037228410,7.20162756783033
06037531800,0.0
06037910809,0.0
06037204200,3.320031075490866
06037209820,0.0
06037214600,10.323699600989011
06037211420,2.624086489890707
06037191810,7.421223710315006
06037480302,4.75980138300789
06037192620,8.211528986697322
06037124500,3.7132711071612907
06037301203,0.0
06037127910,1.538972951011413
06037123205,0.0
06037108103,0.0
06037575101,9.513141215446488
06037900102,0.0
06037570001,0.6525604841998793
06037310800,9.36129740092939
06037311700,8.500253520061236
06037311802,7.393086724603823
06037533403,0.0
06037134305,0.0
06037920020,0.0
06037910706,0.0
06037910601,0.0
06037910804,0.0
06037575102,32.02317492536137
06037543201,0.0
06037553602,1.6602332627734198
06037620001,0.0
06037535604,0.0
06037532900,3.9104048051054248
06037400501,0.0
06037401303,0.0
06037401304,0.0
06037576302,6.178369528281487
06037460401,0.3775844713099991
06037910002,0.0
06037143902,0.39643179668440304
06037141700,0.0
06037311500,7.359636674809101
06037123420,1.2843680844805951
06037134101,0.0
06037301000,23.918084952156512
06037620301,2.888306306809375
06037540502,4.990833502467135
06037242600,0.0
06037401201,0.0
06037401202,0.0
06037401203,0.0
06037401311,0.0
06037401312,0.0
06037403401,0.0
06037408800,0.0
06037433601,1.7770543192193755
06037401500,0.0
06037401601,0.0
06037401602,0.0
06037403402,0.0
06037403404,0.0
06037430101,0.0
06037430102,0.0
06037434001,0.0
06037463200,2.456098769555919
06037463300,3.031846515801984
06037463400,10.3806964720684
06037463500,21.40325698117762
06037463700,13.330929901913336
06037277100,4.861767787385172
06037277200,8.638579126505272
06037401901,0.0
06037401902,0.0
06037430302,0.0
06037430400,6.67866600325251
06037400206,0.0
06037291110,5.623118891008493
06037291130,3.871578202395268
06037291210,2.4141702134850718
06037291220,2.4429092117220557
06037291300,0.42398302371973023
06037402101,0.0
06037403407,0.0
06037430600,1.6255272804115835
06037293302,8.04047395913831
06037293304,12.29157009004453
06037294110,2.023220501697988
06037294120,7.030043209201943
06037294200,16.775550473961726
06037294410,3.5980412263563717
06037293301,3.5503840923857277
06037402102,0.0
06037402301,0.0
06037294620,0.0
06037294510,15.437161106072594
06037294820,13.038285621900148
06037294900,6.2059282129253965
06037296210,1.7872589881254513
06037296300,8.469416466615913
06037294610,3.641625233064015
06037460200,0.6276250417370653
06037460301,0.8153998037740372
06037460302,0.7618501989190869
06037400602,0.0
06037275311,9.559429780013623
06037275400,2.663151306941504
06037296500,1.1081314687174486
06037297120,0.0
06037297300,0.8117126894233025
06037297400,0.0
06037407001,0.0
06037407002,2.041561427010606
06037407102,0.0
06037407301,0.0
06037430701,2.68654170217939
06037403408,0.0
06037407400,0.0
06037407701,0.0
06037407702,0.0
06037430721,4.643772542155067
06037430803,3.951356171293924
06037431002,0.0
06037460502,0.3825301538957062
06037408133,0.0
06037400304,0.0
06037276000,4.703994717841567
06037276400,3.134882226393357
06037276500,15.10120323031516
06037402501,0.0
06037402702,0.0
06037277400,3.1301843678592673
06037240020,0.0
06037533103,5.516429766655021
06037402703,0.0
06037403702,0.0
06037403703,0.0
06037403721,0.0
06037403722,0.0
06037402904,0.0
06037275200,23.765696162056123
06037702801,20.097674699037324
06037226420,11.711247482081792
06037219010,4.536618449973574
06037530006,3.034809262237868
06037209520,8.651454525792149
06037208720,6.0703185703185705
06037208710,0.0
06037404902,0.0
06037481401,3.3151689700184406
06037190901,10.199939208362318
06037189702,0.6855955013965581
06037143700,2.433426026586396
06037181300,0.6939370030109927
06037300901,2.7346565616788836
06037430200,0.0
06037980008,0.0
06037278102,15.498949946141149
06037294301,0.0
06037294302,1.1900370101510156
06037294421,1.4853168997871542
06037294701,1.7104347925242596
06037296401,1.0132697810526656
06037101400,0.0
06037573601,7.228731799325051
06037900103,0.0
06037900104,0.0
06037900505,0.0
06037900506,0.0
06037900608,0.0
06037183402,5.84272551459805
06037183701,12.707056954844566
06037183702,4.638272707243822
06037186201,11.493812497605456
06037186203,0.0
06037186302,0.0
06037296402,0.9560558489584728
06037296902,4.05588194138845
06037297202,1.7367533480262665
06037297601,7.78089013383131
06037297602,3.2150722587490153
06037104204,0.0
06037106645,0.0
06037121102,0.0
06037124104,3.082196003008223
06037406702,0.0
06037302505,7.462714413113482
06037302506,1.1044866456519673
06037400403,0.0
06037576001,33.379211204733615
06037186403,5.498130635583902
06037186404,2.492839319056012
06037187101,10.519436631571196
06037188201,1.32777614756373
06037189101,32.89207351631447
06037189102,11.03302183435021
06037189202,2.899648949167221
06037190802,28.76178462764788
06037191301,25.590875025133897
06037191302,87.57873209665851
06037191901,1.293384982506968
06037124902,2.9534681099280826
06037481605,0.0
06037481606,15.080051875378452
06037533703,0.0
06037500404,5.97260451631289
06037501001,0.0
06037300301,0.0
06037301205,0.0
06037134905,0.0
06037543306,0.5709476703622206
06037576301,29.168550468884447
06037576903,27.717381261818385
06037577504,4.938100905153896
06037900609,0.0
06037901009,0.0
06037901010,0.0
06037901011,0.0
06037910504,0.0
06037990100,0.0
06037990300,0.0
06037192002,13.980701971045965
06037194401,15.02926412428772
06037194402,8.486586949326588
06037195201,3.328761833748319
06037195202,2.277948434081298
06037195804,0.0
06037195901,6.875711206377909
06037195902,6.031854222147159
06037195903,33.60257395716512
06037201601,0.0
06037201602,13.136104113008026
06037141101,12.215746368530064
06037190202,66.23268488380894
06037207103,70.95918304384044
06037211704,10.814025791451513
06037237102,8.696332756476593
06037240401,5.771672630728385
06037262704,0.0
06037264102,12.610976594027441
06037620305,22.12426091140893
06037621104,26.695955944045277
06037621204,26.24205849704733
06037621324,17.19781869121473
06037621326,35.14715166131123
06037650004,33.083049039665255
06037650401,4.276772166082459
06037650901,6.487590367902787
06037570402,1.4104621026463795
06037570602,2.8774328694911544
06037570603,1.3612554041839546
06037570701,8.465350473974972
06037552302,2.0800767132291837
06037553503,7.087942464808365
06037571704,0.0
06037573003,9.971282705807274
06037920044,0.0
06037990200,0.0
06037570800,4.601295641192639
06037570901,2.2031320827254066
06037570902,4.7357274645672875
06037571000,0.5700685507432268
06037571101,3.0217711053714247
06037651302,2.093612096388226
06037262706,0.0
06037980006,1.6846139824982083
06037604002,19.979283020375796
06037701304,0.9613073780341265
06037101122,0.0
06037104404,0.0
06037104703,0.0
06037104704,0.0
06037106405,0.0
06037106407,0.0
06037670413,3.2002516312139746
06037106648,0.0
06037109603,0.0
06037109604,0.0
06037111206,0.0
06037113101,0.0
06037278001,14.869814771673994
06037104403,0.0
06037501803,23.630367047115573
06037501804,3.7571385632702134
06037502003,1.5537769988175758
06037502004,1.4982058984366222
06037404201,0.0
06037404504,0.0
06037405301,0.0
06037405302,0.0
06037117101,0.0
06037117201,0.0
06037117407,0.0
06037117408,0.0
06037119342,0.0
06037120103,0.0
06037700102,4.073560352851798
06037920118,0.0
06037402406,0.0
06037408006,0.0
06037430003,0.0
06037430301,0.0
06037274202,6.298121585237203
06037113102,0.0
06037115404,0.0
06037117202,0.0
06037119001,0.0
06037119202,0.0
06037121801,0.0
06037121802,0.0
06037123901,3.8723787867992154
06037125402,2.72862091406072
06037480304,6.870664324533539
06037533002,3.4750336209502826
06037536103,3.3889229663920513
06037543322,1.5274241366616923
06037543400,3.0745044667425727
06037543501,1.127471558590375
06037543502,1.817527508278838
06037502801,2.695434742177175
06037503105,0.0
06037503106,6.487321071575695
06037301801,12.634096900715651
06037301802,14.612985516443784
06037302004,2.942907592701589
06037302401,23.329770682935294
06037302503,3.061596255055461
06037302504,5.30242373789059
06037120104,0.0
06037120107,0.0
06037120108,0.0
06037121101,0.0
06037121221,0.0
06037121222,0.0
06037124103,0.0
06037124105,0.0
06037124203,0.0
06037124903,0.0
06037127604,2.301294708402948
06037127606,0.0
06037127712,0.0
06037131701,0.0
06037134521,0.0
06037135113,0.0
06037137103,0.0
06037408136,0.0
06037571300,1.9574671744989005
06037571400,3.662302248758218
06037571502,2.9100432868938926
06037571600,0.0
06037571701,2.908821816629036
06037571800,3.7653848919955824
06037408138,0.0
06037408139,0.0
06037408724,0.0
06037980020,0.0
06037571900,1.5502602111764459
06037572001,2.947798613473444
06037670001,5.324036855112726
06037670002,1.1534930075253884
06037670003,2.673627008980045
06037542104,0.0
06037552301,0.800521940305079
06037573004,4.867210334060982
06037576904,16.38950197766657
06037208302,13.63729345182626
06037208401,8.707918981521797
06037208402,8.804108584005869
06037208502,3.8307864987760634
06037208801,8.538069115669492
06037209103,24.19062210216506
06037209104,14.294290860230422
06037310201,19.997672998051137
06037310202,24.258222159003825
06037310501,1.5262127031770663
06037310601,3.892307632426036
06037533803,1.2694850080167979
06037533804,1.9420417072877056
06037533901,0.0
06037310602,11.223735056999738
06037320201,0.0
06037320202,0.0
06037120105,0.0
06037139401,0.0
06037543905,0.7292406162229055
06037544001,0.5395239025274536
06037544002,1.2513647697019563
06037550201,0.0
06037533902,0.0
06037534001,2.5480271262967866
06037550202,0.0
06037550601,3.4127508905146855
06037550602,4.062351681847449
06037550901,17.76662823152759
06037980024,1.000144895991807
06037980026,0.0
06037211201,7.175196779771686
06037212502,24.5540803619973
06037212702,4.542274952987454
06037543503,2.4044212497941215
06037543601,0.0
06037214501,31.90030092617207
06037215101,39.811634096958386
06037216401,0.0
06037216402,4.358380948645197
06037217001,10.938226366594657
06037218701,3.6370050718035722
06037218702,2.7803186801271162
06037219902,22.5521518511558
06037221304,17.601682720868116
06037221401,5.531881153065307
06037122122,0.0
06037127805,6.50925127337228
06037183103,9.379323281825217
06037183104,4.529983963856768
06037543603,1.3530261783504989
06037543703,6.748171727474121
06037543801,0.0
06037186301,0.8616953165997847
06037531503,0.0
06037531504,0.0
06037550902,3.1004771634354524
06037551101,2.371922134540167
06037551102,4.264397519826403
06037551402,0.0
06037551501,0.6871336289382205
06037551502,0.908219843695365
06037552001,1.2456604304753316
06037552002,2.8314815444032937
06037572201,4.549002176372612
06037572202,14.448978358714276
06037572301,6.103239965968334
06037572600,3.2697316040812794
06037572700,3.990757405848056
06037573201,9.976787341452221
06037573300,10.183325313964648
06037670202,1.3404699955898538
06037980010,0.798380671097502
06037980013,10.738301562404038
06037980014,3.396081076804689
06037222002,4.5752281895059514
06037226001,10.630443270156286
06037226002,14.795520072264436
06037221402,9.392969925588892
06037400207,0.0
06037670406,0.0
06037670407,3.1796274907413222
06037402001,0.0
06037402002,0.0
06037402303,0.0
06037207101,23.31910867704034
06037207102,33.7312821501283
06037207502,69.31497681533534
06037211703,5.431564996822535
06037212701,4.2587896094051105
06037533806,0.0
06037535002,6.20790266008629
06037651304,4.8912602961029235
06037651402,6.565072174762221
06037670326,1.7332133949664017
06037670328,1.1155690489829635
06037670416,0.8411666982104178
06037534002,1.1141626788927452
06037534101,17.542149887925152
06037534202,6.8602397653798
06037573401,6.760136825169341
06037573402,10.460773449342186
06037573403,4.204802725673264
06037573700,2.75166751051137
06037621301,12.79670766305245
06037621400,9.338797567554527
06037650001,3.156276729718555
06037650101,3.1635975376665835
06037650102,2.3464594273700414
06037650200,2.8875767373517953
06037534301,0.0
06037534302,0.0
06037534203,0.0
06037534404,0.0
06037534405,0.0
06037541605,1.145748356996856
06037541801,4.19614458235773
06037541802,7.206395676162594
06037542000,3.079990431496393
06037573800,7.170729862960833
06037573902,0.0
06037574000,1.648446751048824
06037574100,6.559000670657818
06037574201,0.7818076487369506
06037574202,1.4964425818722442
06037574300,4.896110652100738
06037650300,6.927857554722081
06037650501,9.064685596416025
06037650502,0.7501020138738869
06037650603,2.3506532073487687
06037650701,16.94638164846426
06037542401,3.0926647404519776
06037542402,1.201765634069575
06037542502,1.0148492745857385
06037574400,7.804871020003585
06037574500,12.16024853978951
06037574602,0.0
06037574800,3.609883500034745
06037574901,1.4909973579526818
06037574902,14.938044460599663
06037575001,9.230125488683866
06037575002,22.797549470682352
06037602900,0.7150812421676258
06037603004,0.0
06037503301,3.6650644226698894
06037503302,3.234424628202889
06037503401,0.0
06037503902,3.427094840280245
06037542601,0.0
06037542602,6.8914900435197595
06037542700,1.0217030154542799
06037542800,2.5280550913765514
06037542900,0.0
06037575201,3.529845728092454
06037575401,4.869444116433279
06037575402,6.176556878368154
06037575802,9.347512471139556
06037575901,2.3945672059232015
06037575902,22.823494505243698
06037576200,22.966726954324923
06037603101,2.26873121206965
06037603200,1.808705843838146
06037603301,0.0
06037603302,6.224833885861446
06037603400,0.881583111688646
06037603500,0.0
06037603600,1.0666541512579586
06037603702,5.128933497459205
06037503601,8.624809984655025
06037503602,2.132746401523634
06037503701,0.0
06037503702,0.0
06037576403,0.0
06037576502,3.250859039501188
06037576602,7.500004687502931
06037576700,17.7505760061914
06037576801,9.723994150045119
06037576802,8.55064439793844
06037576901,2.24772137245867
06037577000,10.291403807061094
06037577100,11.518851011067149
06037577200,14.23559916620062
06037577300,12.14000739436814
06037577400,10.846575193882533
06037577501,12.142818979711777
06037609900,1.8803531303178735
06037620002,2.532196883372076
06037620101,4.4912667318399375
06037620102,27.525682034790165
06037503801,0.0
06037503802,1.5094966206144405
06037503901,0.0
06037504001,2.8880553640213282
06037534406,0.0
06037534502,1.7746165940848482
06037534802,2.4759032714109925
06037534803,1.6374249854678533
06037534804,0.0
06037550700,8.797176013897685
06037577602,6.818290290981902
06037599000,0.0
06037600100,5.279963462652839
06037600201,5.122032422465234
06037600202,4.824205935702984
06037600302,6.1017056708032165
06037600400,2.036908787224508
06037600501,9.131363799621353
06037620501,13.511630232234038
06037620522,6.681285318944517
06037620400,11.294215881536916
06037620601,20.5025767345546
06037504002,3.23903215128094
06037504101,6.541885649474319
06037534900,11.448622873776072
06037535101,4.409435486431286
06037535102,0.0
06037535200,0.0
06037535300,0.9255342878059932
06037535400,1.2969092059803078
06037535502,0.0
06037535603,0.0
06037535605,0.0
06037551201,1.2678867117865285
06037551300,1.9605498165905646
06037600601,0.0
06037600602,1.4486958839652544
06037600702,7.95928865742719
06037600703,5.773394274717345
06037600704,6.304024173831365
06037600801,5.149160892740919
06037600802,6.176267588852043
06037600902,2.4986507286065525
06037600911,5.855615168971095
06037530005,2.1878477310487536
06037530101,0.0
06037530102,0.7563489824458964
06037530203,0.0
06037530204,1.4926999508901715
06037535701,0.0
06037535702,5.129767734376523
06037535802,6.2865879418214
06037535803,0.0
06037535606,0.0
06037535804,2.0373486759270953
06037535901,1.1899010716249052
06037536000,1.5301141771198967
06037535607,1.0623368648951845
06037536102,2.885922721482845
06037540000,0.6829458184934898
06037540101,0.7983853454773067
06037540102,3.9981320726956366
06037540202,3.962975243293655
06037540203,2.2192262667620932
06037551700,3.0837405155705766
06037551900,5.830918900988405
06037552100,3.4202931464849993
06037552200,5.333513487566691
06037600912,3.696703926361658
06037601001,23.755091790805874
06037601100,1.5610974515084104
06037601211,3.4494534341033662
06037601212,0.0
06037601301,6.509738568899073
06037601302,4.099486334362305
06037601401,10.170993470857878
06037540300,5.874784836005381
06037540400,0.0
06037540501,5.506842940709198
06037540600,5.335256871277324
06037540700,6.099680986684396
06037540901,1.7190622515417842
06037540902,4.77108721149832
06037273700,4.345609196467889
06037273800,1.3483885408548244
06037274100,7.961162266001539
06037552400,3.217938073999704
06037552602,0.0
06037221500,2.626588429352651
06037221710,0.0
06037221900,39.02182051425882
06037222100,2.087966007913391
06037222200,8.301011270698053
06037222500,6.130597043519576
06037222700,46.23568518851992
06037224010,15.655124825535676
06037224020,34.89322268124392
06037234600,6.1384480928992735
06037234700,2.6952071131906132
06037235100,2.5392010319312996
06037265100,1.2700917937675749
06037265301,50.75804953734978
06037265303,0.0
06037265304,0.0
06037265410,8.444269929532568
06037237720,6.149588746252594
06037237800,0.0
06037238000,7.213393829662918
06037238100,3.049558373121599
06037238200,2.9221794393506526
06037238310,10.073841256409482
06037238320,27.761227815041888
06037238400,6.914874817716217
06037239320,0.0
06037211000,6.022368582507578
06037211310,0.0
06037211410,3.6928576440306804
06037211500,1.1000628135866557
06037211701,7.674408610072508
06037211910,7.248162590783236
06037212202,4.843295184311598
06037212204,32.83533081595797
06037212304,43.75814387677707
06037212306,6.175660486889074
06037212420,13.941751362806196
06037212610,2.799889124390674
06037212620,3.4647753612894507
06037212800,0.0
06037212900,2.676516246453616
06037213100,13.03431376200088
06037224200,2.7159447685471867
06037224320,13.756624674569847
06037224420,5.576374018558173
06037224600,1.3909637431390713
06037265420,1.368412121941941
06037267800,19.110759009854203
06037267600,47.91495331434016
06037267700,14.730107603436043
06037235201,0.0
06037235202,2.348647296589529
06037269800,12.8455451649368
06037226410,3.5400360375668627
06037227020,15.904789386506831
06037228100,4.983415194233591
06037228210,0.0
06037228220,0.0
06037228310,10.98259441827943
06037228320,2.966998080352242
06037228420,7.209987274372461
06037228710,2.4704228622813367
06037228720,0.0
06037269000,8.715550153851249
06037269100,10.723643369750032
06037269300,14.509135541170354
06037269500,10.836529507508631
06037269700,15.59706106806446
06037228800,4.736620231999659
06037228900,9.699001196856747
06037229100,0.0
06037237710,9.253240369111758
06037239330,2.04181014636716
06037240700,1.67434493347409
06037240800,0.0
06037241110,4.109839572412291
06037241120,24.107386352507245
06037241400,3.4749007915824004
06037262302,3.9170435460995225
06037229200,0.0
06037229300,1.9903824718957996
06037229410,9.217847227087198
06037229420,3.4237371117696096
06037231100,5.5924720851755865
06037231210,3.1183442839190105
06037231220,16.57725310771692
06037231400,0.0
06037231710,0.0
06037240010,6.797703735678088
06037240200,17.407279456464394
06037240500,9.845753957070052
06037270200,2.638209183606168
06037270300,8.30272568105702
06037271100,9.945659403434485
06037271200,19.066940213702264
06037271300,40.1257909541505
06037271400,20.88692861195916
06037231800,5.766369762694663
06037232110,0.0
06037232200,5.736675137823619
06037242700,0.9850178780744872
06037242100,0.0
06037243100,0.0
06037261200,0.27519730614860954
06037311801,3.336052215889283
06037534403,0.0
06037531602,2.2305794599321014
06037219700,2.7460255856357234
06037221820,0.0
06037242000,1.5462307532926982
06037264000,1.6059690658238541
06037267502,4.600725994561942
06037503000,5.268315298133963
06037463800,2.462534299584887
06037463900,2.135233976270077
06037464000,3.1803469822164536
06037464200,2.6094686599914527
06037271500,10.988153671526728
06037272301,14.900070195886256
06037272302,21.776399925564306
06037273100,15.292962178805315
06037273200,7.778795935734699
06037273300,1.74385552505746
06037273600,3.397650864192497
06037480803,7.328604551246642
06037503201,2.230732051901699
06037503202,10.51801209571391
06037501400,0.942285929126906
06037501503,0.0
06037501504,1.341300659249274
06037501802,0.0
06037480804,3.5782101315827135
06037480903,6.220243908204129
06037481002,9.627161431451936
06037481101,11.24586152295955
06037481102,3.24825081693508
06037481103,3.5370509625376783
06037481201,0.966474918042927
06037481300,3.3453766894152284
06037601900,5.741722947513475
06037534501,5.9765182597574125
06037232120,34.49095187362515
06037502100,1.0325325183209988
06037502200,0.0
06037502401,1.057662713475998
06037502402,0.0
06037481604,9.630664034285164
06037481712,8.145533532446375
06037481713,4.29003189638715
06037481714,8.789644041390433
06037481800,7.298932652748412
06037481901,12.54116090800186
06037481500,8.226416577509069
06037481902,3.3845987219755225
06037482001,2.054541220945363
06037576601,10.245901639344263
06037294830,5.644098925250683
06037106603,0.0
06037482101,18.22522735971131
06037482102,13.660965793852382
06037502500,2.427717411535326
06037502602,1.5829284334311318
06037134424,0.0
06037500500,7.749607094920287
06037500700,1.5411840994495276
06037500402,0.748585360814401
06037500800,1.0956808807521192
06037500900,0.0
06037480400,1.5557603973412055
06037480500,5.683279365859688
06037113235,0.0
06037553100,0.5037648868821135
06037553300,2.378621897831054
06037553400,0.0
06037553502,4.740916798490492
06037553601,3.3085194375516958
06037553701,1.9959302981221292
06037554403,2.3789897144379695
06037554404,3.5638426777288346
06037554512,8.608968144730841
06037554514,5.973953562467641
06037602402,10.598761913197652
06037602403,1.7072712683318254
06037602404,7.742670787832238
06037531502,0.0
06037531603,2.3008234647180226
06037531604,0.0
06037531701,1.569558106610665
06037531702,1.4877410140442753
06037531901,29.835296193145926
06037531902,22.614233681356968
06037532001,2.954735665653931
06037532101,1.4454031482325973
06037532002,0.0
06037532200,2.4953675284240187
06037553702,3.6010860875640094
06037553801,1.5446031180903144
06037553802,5.771932477625104
06037553901,3.914035260760857
06037554002,0.7876074690391504
06037554101,2.1100874842270962
06037554201,0.0
06037554515,1.65422140761008
06037554516,2.0635447985258035
06037554518,4.573221274168045
06037554519,15.820570392410994
06037554521,6.413959424051272
06037554522,5.107503665794676
06037554700,2.4955111992303842
06037554801,2.212776126800923
06037554802,13.02537016473837
06037620602,16.311568757710923
06037620701,17.6631981379064
06037620901,4.579761119659999
06037621001,24.163648837045606
06037621102,29.42274414901149
06037532302,6.06811949583636
06037532303,8.060913016009104
06037532304,2.267254658169164
06037532500,0.9866301745052789
06037541100,2.410686089296634
06037541300,0.745852315274757
06037541603,0.0
06037541604,0.0
06037554900,9.671845655549165
06037555001,1.584237470859932
06037555002,1.1291142099023315
06037555202,0.9368646886330206
06037555211,2.5430248008493703
06037555212,0.0
06037570002,2.569947547370558
06037650702,2.1444409656846557
06037651001,4.235107772905051
06037651002,5.067203790268435
06037532605,0.0
06037532700,17.173219394747058
06037533104,2.9239851578513387
06037533201,0.0
06037533300,0.0
06037543304,0.0
06037570003,1.7473902726278305
06037570100,5.175322681369183
06037570202,2.9872771864628547
06037570203,2.3047493200989506
06037570204,1.8245112134459178
06037570303,0.0
06037651101,8.615382406312204
06037651102,2.3826031845874165
06037651201,1.1475621476625593
06037651222,3.3260271603377913
06037533401,0.0
06037533601,0.0
06037533602,0.0
06037533702,0.0
06037480902,11.684677298424711
06037189600,2.8020518491674173
06037189400,0.0
06037181400,26.160621667364286
06037578100,15.137753557372086
06037702900,10.408878864183137
